,0,1,2,3,4,5,6,7,8,9,10,11,12,13,14,15,16,17,18,19,20,21,22,23,24,25,26,27,28,29,30,31,32,33,34,35,36,37,38,39,40,41,42,43,44,45,46,47,48,49,50,51,52,53,54,55,56,57,58,59,60,61
NCF_201_R2256_imp_ch_flt1-45_flt50_rejectedarte_ICA_prep_rf_int,11.25,11.25,11.25,11,11.25,11.25,11.25,11.5,11,11.25,11.25,11.25,11,11.25,11.25,11.25,11.25,11,11.25,11.25,11.25,11,11.25,11.25,11.25,10.5,11.25,11,11.25,11,11,11.25,11.25,11.25,11.25,11.25,11.25,11.5,11.25,11.25,11.25,11.25,11.25,11.25,11.25,11.25,11.25,11.25,11,11.25,11.25,11,11,11.25,11.25,11,11,11.5,11,10.25,11,10.5
NCF_202_R2256_imp_ch_flt1-45_flt50_rejectedarte_rch_ICA_prep_rf_int,,13,,8,8.25,7.75,7,,8.25,8.25,8.25,8,7.5,8.25,8.25,8.25,7,8.25,8.25,8.5,8.5,8.25,8.5,8.5,8.5,13,8.5,8.5,8.5,8.5,8,8,,,8.25,8,7.75,,8.25,8.25,8.25,8.25,8.25,8.25,8.5,8.5,8.5,8.5,8.5,8.5,8.5,8.5,8.5,8.5,8.5,8.5,7.75,,7,13,8.5,8.5
NCF_204_R2256_imp_ch_flt1-45_flt50_rejectedarte_ICA_prep_rf_int,10.5,10.5,10.75,10.5,10.5,10.75,10.75,10.75,10.5,10.75,10.75,10.75,10.25,10.75,10.75,10.75,10.5,10.75,10.75,10.75,10.5,10.5,10.75,10.75,10.5,10.5,10.5,10.75,10.5,10.5,10.25,10.5,10.75,10.75,10.5,10.75,10.75,10.75,10.75,10.75,10.75,10.75,10.75,10.75,10.75,10.75,10.75,10.75,10.75,10.75,10.75,10.5,10.75,10.75,10.5,10.5,10.25,10.5,10.5,10.5,10.75,10.5
NCF_205_R2256_imp_ch_flt1-45_flt50_rejectedarte_ICA_prep_rf_int,11.5,11.5,11.5,11.5,12,11.5,11.75,11.75,12,12,11.5,12.25,12,12,11.5,12,12.25,12,11.75,11.5,11.5,11.75,11.75,11.5,11.5,11.25,11.5,11.5,11.5,11.25,11.5,11.5,11.5,11.5,11.75,11.75,11.75,11.75,12,11.75,12.25,12,12,11.5,12.25,11.75,11.5,11.5,11.75,11.5,11.5,11.5,11.5,11.5,11.5,11.25,11.75,11.75,12,12,11.5,11.25
NCF_206_R2256_imp_ch_flt1-45_flt50_rejectedarte_ICA_prep_rf_int,9.25,9.25,9.25,9.25,9.25,9.25,9.25,9.25,9.5,9.5,9.25,9.25,9.25,9.75,9.5,9.25,9.25,9.25,9.75,9.5,9.25,9.25,9.75,10.25,9.5,9.25,10.25,9.5,10,9.75,9.25,9.25,9.25,9.5,9.5,9.25,9.25,9.25,9.75,9.5,9.25,9.5,9.75,9.5,9.25,9.5,9.5,9.5,9.25,9.75,9.75,9.5,9.25,9.5,9.75,9.5,9.25,9.25,9.25,9.25,9.25,9.5
NCF_207_R2256_imp_ch_flt1-45_flt50__rejectedarte_ICA_prep_rf_int,10.5,10.5,10.5,10.75,10.75,10.5,10.5,10.5,10.75,10.75,10.5,10.5,10.75,10.75,10.5,10.5,10.5,10.5,10.5,10.5,10.5,10.75,10.5,10.5,10.5,10.5,10.5,10.5,10.5,10.5,10.75,10.75,10.5,10.5,10.75,10.75,10.5,10.5,10.75,10.5,10.75,10.75,10.5,10.5,10.5,10.5,10.5,10.5,10.5,10.5,10.5,10.5,10.5,10.5,10.5,10.5,10.75,10.5,10.75,10.5,10.5,10.5
NCF_209_R2256_imp_ch_flt1-45_flt50_rejectedarte_ICA_prep_rf_int,11.25,11,11,11.75,12.75,12.75,13,11,12.5,12.75,13,,12.25,12.75,12.75,13,13,,12.75,12.75,12,,12.5,12.75,12.25,12,12.5,11,12.5,12.25,12.5,12.75,13,11,12.5,12.75,13,11,12.75,12.75,13,12.25,12.75,13,13,12.5,12.75,12.75,,12.5,12.5,12,11,12.75,12,12,11.75,,13,12,11,12
NCF_210_R2256_imp_ch_flt1-45_flt50_rejectedarte_rch_ICA_prep_rf_int,7.75,7.5,7.5,8,8,7.75,7.75,7.5,8,8,8,7.75,8,8,8.25,8.25,8,8.5,8.25,8.25,8.5,9,8.25,8.25,8.5,8.75,8.5,8.75,11,11,7.75,7.75,7.5,7.5,8,8,7.75,7.5,8,8,8,8.5,8.25,8,8.25,8.25,8.25,8.25,8.5,8.25,8.25,8.75,8.75,8.5,8.75,8.75,8,7.5,8.5,8.5,8.75,8.75
NCF_211_R2256_imp_ch_flt1-45_flt50_rejectedarte_ICA_prep_rf_int,10.75,10.75,10.5,10.75,10.75,10.75,10.75,10.5,10.75,10.75,10.75,10.5,10.5,10.75,10.75,10.75,10.5,10.75,10.75,10.75,10.75,10.5,10.75,10.75,10.75,10.75,10.75,10.75,10.75,10.75,10.75,10.75,10.75,10.75,10.75,10.75,10.75,10.5,10.75,10.75,10.75,10.75,10.75,10.75,10.75,10.75,10.75,10.75,10.75,10.75,10.75,10.75,10.75,10.75,10.75,10.75,10.75,8.75,10.5,10.75,10.5,10.75
NCF_212_R2256_imp_ch_flt1-45_flt50_rejectedarte_rch_ICA_prep_rf_int,,11.25,,12.5,10.25,11.25,11.25,,10.5,10.25,11.25,11.25,10.5,10.5,10.75,11.25,,10.5,10.5,10.75,11.25,10.25,10.25,10.25,10.25,11.25,10.25,10.25,10.25,11.25,11.75,10.25,11.25,10.25,11.25,10.25,11.25,11.25,10.5,11.25,11.25,10.5,10.5,11.25,11.25,10.5,10.5,11.25,10.25,10.25,10.25,11.25,10.25,10.25,10.25,11.25,12.5,,10.5,11.5,10.25,11.25
NCF_213_R2256_imp_ch_flt1-45_flt50_rejectedarte_ICA_prep_rf_int,11.5,11.5,11.5,11.25,11.5,11.25,11.25,7,11.25,11.25,11,11,11,11,11,11,11.25,11,11,11,11,11,11,11,11,11,11,11,11,11,11.5,11.5,11.5,11.25,11.5,11.25,11.25,11.25,11.25,11,11,11,11,11,11.25,11,11,11,11,11,11,11,11,11,11,11,11.25,11,11,11.25,11,11
NCF_215_R2256_imp_ch_flt1-45_flt50_rejectedarte_rch_ICA_prep_rf_int,12,11.75,11.75,11.75,7,7,7.25,11.5,10.5,7,10.75,7.25,7,10.5,11,10.5,10.75,11,11.25,10.75,10.5,11.5,11.25,11,10.75,11.75,11.25,11.25,11.25,11.25,11.75,7,7.25,11.75,7,7,7,7.5,10.5,7,10.75,10.5,11,10.75,10.75,11,11,10.5,11.25,11.25,10.75,10.75,11.25,11.25,11.25,11.25,11.25,11.25,11.25,10.75,11.25,12
NCF_217_R2256_imp_ch_flt1-45_flt50_rejectedarte_ICA_prep_rf_int,9.5,9.5,9.5,9.75,9.75,9.75,9.75,9.75,9.75,9.75,9.75,9.75,9.75,9.75,9.75,9.75,9.5,9.75,9.75,9.75,9.75,9.75,9.75,9.75,9.75,9.75,9.75,9.75,9.75,9.75,9.75,9.75,9.75,9.75,9.75,9.75,9.75,9.75,9.75,9.75,9.75,9.75,9.75,9.75,9.75,9.75,9.75,9.75,9.75,9.75,9.75,9.75,9.75,9.75,9.75,9.75,9.75,9.5,9.75,9.5,9.75,9.75
NCF_220_R2256_imp_ch_flt1-45_flt50_rejectedarte_ICA_prep_rf_int,11.75,11.75,11.75,9.75,11.75,11.5,11,11.25,10,11,11,10.75,9.75,10.75,11,10.75,10.75,11,11,11,11.25,11.25,11.25,11.25,11.25,11.5,11.25,11.25,11.25,11.25,9.75,11.75,11.5,11.75,10,11.5,11,11,10.75,11,10.75,10.5,11,11,10.75,11,11,11,11.25,11.25,11.25,11.5,11.25,11.25,11.25,11.5,9.75,10.75,11,11,11.25,11.5
NCF_221_R2256_imp_ch_flt1-45_flt50_rejectedarte_rch_ICA_prep_rf_int,10,10.25,10.25,10,10,10,10,10.25,10,10,10.25,10,,10,10.25,10.25,,10.25,10.25,10.25,9.75,10,10.25,7,7,10,7.25,10,9.5,10,10,10,10.25,10.25,10,10,10,10,10,10,10,10,10.25,10.25,,10.25,10.25,7,10.25,10.25,7,10,10.25,10.25,10.25,10,10,10.25,10.25,10,10,10
NCF_222_R2256_imp_ch_flt1-45_flt50_rejectedarte_ICA_prep_rf_int,10.25,10.25,10.25,10.25,10.5,10.25,7.75,10.5,7.25,7.25,7.75,10.5,10,10.5,7.75,10.25,10.5,10.25,10,10,10.25,10,10,10,10.25,10.25,10,10,10,10,10.25,10.25,10.25,10.5,10.25,10.25,7.5,10.5,7.25,7.5,10.25,10.25,7.5,8,10.25,10.25,10,10.25,10,10,10,10.25,9.75,10,10,10,10.25,10.5,10,10.25,9.75,10.25
NCF_223_R2256_imp_ch_flt1-45_flt50_rejectedarte_rch_ICA_prep_rf_int,11.75,11.75,11.75,11.75,11.75,11.75,11.75,12,11.75,11.75,11.75,11.75,12,12,11.75,11.75,11.75,12,12,11.75,11.75,12,12,11.75,11.75,11.75,11.75,11.75,11.75,11.75,11.75,11.75,12,11.75,11.75,11.75,11.75,12,11.75,11.75,11.75,12,12,11.75,11.75,12,11.75,11.75,12,12,11.75,11.75,12,12,11.75,11.75,12,11.75,12,11.75,12,11.75
NCF_224_R2256_imp_ch_flt1-45_flt50_rejectedarte_rch_ICA_prep_rf_int,10.75,10.75,11,7.75,7.5,7.5,7.25,11.25,8,7.5,7.25,7.25,8.75,7.5,10.5,10.5,11,11,7.5,10.5,10.5,11.25,10.75,10.75,10.75,11,10.75,10.75,10.75,10.75,10.75,7.5,7.5,10.5,8.25,7.5,7.25,7.5,7.5,7.5,7.25,7.5,7.5,10.5,10.5,10.75,10.5,10.5,10.75,10.75,10.5,10.75,10.75,10.75,10.75,10.75,7.5,7.25,11,11,10.75,10.75
NCF_225_R2256_imp_ch_flt1-45_flt50_rejectedarte_ICA_prep_rf_int,8.75,8.75,8.75,8.75,8.75,8.75,8.5,8.75,8.75,8.5,11,11.25,8.5,11.25,11.25,11.25,8.5,11.25,11.25,11.25,11.25,8.5,11.25,11.25,11,8.75,11,11,11,11,8.75,8.75,8.75,8.75,8.75,8.75,8.5,8.5,8.75,8.5,11.25,11,11.25,11.25,11.25,11.25,11.25,11.25,11.25,11.25,11.25,11,8.5,11.25,11,11,8.75,8.5,8.25,8.75,8.5,11
NCF_226_R2256_imp_ch_flt1-45_flt50_rejectedarte_ICA_prep_rf_int,10,10,10.25,9.75,10,10,10.25,10.25,9.75,10,10.25,10.25,9.75,10.25,10.25,10.25,10.25,10.25,10.25,10.25,10,10,10.25,10.25,10,10,10.25,10,10,10,9.75,10,10.25,10.25,9.75,10,10.25,10.25,10,10.25,10.25,10,10.25,10.25,10.25,10.25,10.25,10.25,10.25,10.25,10.25,10,10,10.25,10,10,9.75,10.25,10,10,10,10
NCF_227_R2256_imp_ch_flt1-45_flt50_rejectedarte_ICA_prep_rf_int,10.5,10.5,10.5,10.5,10.5,10.5,10.5,10.5,10.5,10.5,10.5,10.5,10.5,10.5,10.5,10.5,10.5,10.5,10.5,10.5,10.5,10.75,10.75,10.75,10.5,10.25,10.75,10.75,10.5,10.5,10.5,10.5,10.5,10.5,10.5,10.5,10.5,10.5,10.5,10.5,10.5,10.5,10.5,10.5,10.5,10.5,10.5,10.5,10.75,10.75,10.75,10.5,10.75,10.75,10.5,10.5,10.5,10.5,10.5,10.5,10.75,10.5
NCF_228_R2256_imp_ch_flt1-45_flt50_rejectedarte_rch_ICA_prep_rf_int,10.5,10.5,10.5,10.5,10.5,10.25,10.5,10.5,10.5,10.25,10.25,10.5,10.75,10.5,10.25,10.75,10.75,10.5,10.75,11,10.75,10.5,10.75,10.75,10.75,10.75,10.75,10.75,10.75,10.75,10.5,10.5,10.5,10.5,10.5,10.5,10.25,10.5,10.25,10.25,10.5,10.5,10.5,10.5,10.75,10.75,10.75,11,10.75,10.75,10.75,10.75,10.75,10.75,10.75,10.75,10.5,10.5,10.5,10.75,10.75,10.75
NCF_229_R2256_imp_ch_flt1-45_flt50_rejectedarte_rch_ICA_prep_rf_int,12.5,12.5,12.5,12.5,12.5,12.5,12.5,12.25,12.5,12.5,12.5,12.25,12.5,12.25,12.25,12.25,12.25,12.25,12.25,12.25,12.25,12.5,12.25,12.25,12.5,12.5,12.5,12.25,12.5,12.5,12.5,12.5,12.5,12.25,12.5,12.5,12.5,12.25,12.5,12.5,12.5,12.25,12.25,12.25,12.25,12.25,12.25,12.25,12.25,12.25,12.5,12.5,12.25,12.25,12.5,12.5,12.5,12.25,12.5,12.25,12.25,12.5
NCF_230_R2256_imp_ch_flt1-45_flt50_rejectedarte_ICA_prep_rf_int,10.5,10.5,10.5,10.25,10.5,10.5,10.5,10.5,10.25,10.5,10.5,10.5,10.25,10.25,10.5,10.5,10.5,10.25,10.25,10.25,10.5,10.25,10.25,10.25,10.5,10.5,10.25,10.25,10.25,10.5,10.5,10.5,10.5,10.5,10.5,10.5,10.5,10.5,10.25,10.5,10.5,10.25,10.25,10.5,10.5,10.25,10.25,10.5,10.25,10.25,10.25,10.5,10.25,10.25,10.5,10.5,10.25,10.75,10.25,10.5,10.25,10.5
NCF_231_R2256_imp_ch_flt1-45_flt50_rejectedarte_ICA_prep_rf_int,10,10,10,10,10,10,10,10,10,10.25,9.75,9.75,10,10,10,9.75,9.75,10,10,10,9.75,10.25,10,10,10,10,10,10.25,10.25,10,10,10,10,10,10,10,10,10,10,10,9.75,10,10.25,9.75,9.75,10,10,9.75,10,10,10,10,10.25,10.25,10,10,10,10,10,9.75,10.25,10
NCF_232_R2256_imp_ch_flt1-45_flt50_rejectedarte_ICA_prep_rf_int,11.5,11.5,11.5,11.5,11.5,11.5,11.5,,11.5,11.5,11.5,12.5,11.5,11.5,11.5,12,11.5,11.5,11.5,11.75,12,11.25,11.25,11.5,11.75,11.75,11.25,11,11.25,11.5,11.5,11.5,11.5,11.5,11.5,11.5,11.5,11.5,11.5,11.5,11.5,11.5,11.5,11.75,12,11.5,11.5,12,11.25,11.25,11.75,11.75,11,11.25,11.5,11.5,11.5,11.5,11.25,11.75,11,11.5
NCF_233_R2256_imp_ch_flt1-45_flt50_rejectedarte_rch_ICA_prep_rf_int,10.75,10.75,10.75,10.75,10.75,10.75,10.75,10.75,10.5,10.5,10.75,10.75,10.5,10.5,10.5,10.75,10.5,10.5,10.75,10.75,10.75,10.5,10.75,10.75,10.75,10.75,10.75,10.5,10.5,10.75,10.75,10.75,10.75,10.75,10.75,10.75,10.75,10.75,10.5,10.5,10.75,10.5,10.5,10.5,10.75,10.75,10.75,10.75,10.5,10.75,10.75,10.75,10.75,10.75,10.75,10.75,10.5,10.75,10.5,10.75,10.75,10.75
NCF_234_R2256_imp_ch_flt1-45_flt50_rejectedarte_ICA_prep_rf_int,8.5,8.5,8.75,8.5,8.5,8.5,8.5,8.5,8.5,8.5,8.5,8.5,8.5,8.5,8.5,8.5,11,8.5,8.5,8.5,8.5,8.75,8.5,8.5,8.5,8.75,8.5,8.75,8.75,8.75,8.5,8.5,8.5,8.75,8.5,8.5,8.5,8.5,8.5,8.5,8.5,8.5,8.5,8.5,8.5,8.5,8.5,8.5,8.5,8.5,8.5,8.5,8.75,8.5,8.5,8.5,8.5,10.5,8.5,8.5,8.75,8.75
NCF_235_R2256_imp_ch_flt1-45_flt50_rejectedarte_ICA_prep_rf_int,10.25,10.25,10.25,10.25,10.25,10,10,10.25,10,9.75,9.75,9.75,9.75,10,9.75,9.75,9.75,10,10,10,10,10,10,10,10,10,10.25,10,10.25,10,10.25,10.25,10,10.25,10.25,10,10,10,10,9.75,9.75,10,9.75,9.75,9.75,10,10,10,10,10,10,10,10,10,10,10,10.25,9.75,10,9.75,10,10
NCF_236_R2256_imp_ch_flt1-45_flt50_rejectedarte_rch_ICA_prep_rf_int,12,12.25,12,,10.5,10.5,10.75,11,,10.5,10.75,,,10.25,10.5,10.75,,,10.5,10.5,10.5,7,10.5,10.5,10.5,10.75,10.5,10.75,10.75,10.5,,12,12.25,12,,10.5,10.5,,10.5,10.5,10.75,,10.5,10.5,,10.5,10.5,10.5,10.5,10.5,10.5,10.5,11,11,10.5,10.75,,11,7,,11,10.75
NCF_238_R2256_imp_ch_flt1-45_flt50_rejectedarte_ICA_prep_rf_int,10.75,10.75,10.75,12.5,10.75,10.75,10.75,10.75,12.5,10.75,10.75,10.75,10.75,11,10.75,10.75,10.75,10.75,10.75,10.75,10.75,11,11,10.75,10.75,13,10.75,12.25,12,10.5,11,10.75,10.75,10.75,10.75,10.75,10.75,10.75,10.75,10.75,10.75,10.75,10.75,10.75,10.75,10.75,10.75,10.75,12.25,10.75,10.75,10.75,12.25,12.25,10.75,10.75,10.75,10.75,10.75,11,12.25,10.75
NCG_301_R2256_imp_ch_flt1-45_flt50_rejectedarte_chr_ICA_prep_rf_int,,11,11,11.25,11.25,11,11,11,11.25,11,10.75,11,10.75,,10.75,10.75,11,10.75,10.75,10.75,10.75,,,10.75,10.75,10.75,10.75,,,10.75,8,8,11,11,11.25,11,11,11,8,10.75,10.75,10.75,11,10.75,10.75,,10.75,10.75,,10.75,10.75,10.75,,,10.75,10.75,10.75,11,10.75,10.75,,10.75
NCG_302_R2256_imp_ch_flt1-45_flt50_rejectedarte_ICA_prep_rf_int,9.5,9.5,9.5,9.5,9.5,9.5,9.5,9.5,9.5,9.5,9.5,9.25,9.75,9.5,9.5,9.5,9.5,9.5,9.5,9.5,9.5,9.75,9.5,9.5,9.5,9.5,9.5,9.5,9.5,9.5,9.5,9.5,9.5,9.5,9.5,9.5,9.5,9.5,9.5,9.5,9.5,9.5,9.5,9.5,9.5,9.5,9.5,9.5,9.5,9.5,9.5,9.5,9.5,9.5,9.5,9.5,9.5,9.5,9.75,9.5,9.5,9.5
NCG_303_R2256_imp_ch_flt1-45_flt50_rejectedarte_chr_ICA_prep_rf_int,11.75,12,9.25,,11.75,11.75,9.25,9.5,9,9,9.25,9.25,9,9,9,9,9,9,9,9,9,9.25,9.25,9,9.25,12,9.25,9,9.25,9.25,9.25,11.75,9.75,9.25,12,11.75,9.5,9.25,9,9.25,9,9,9,9,9,9,9,9,9.25,9,9,9.25,9.25,9.25,9.25,9.5,9,9,9,12.25,9.25,12
NCG_304_R2256_imp_ch_flt1-45_flt50_rejectedarte_ICA_prep_rf_int,12.25,12,12,10,8,12.25,12.25,12.25,9.75,9.75,10.25,12,10,10.5,10.25,10.5,10.25,11.5,10.5,10.5,12.25,12.5,12.5,10.5,12.25,12.25,12.5,12.5,12.5,12.25,10,12.5,12.25,12.25,12.5,12.5,12.25,12.25,9.5,12.25,10.5,11,10.25,10.5,10.5,10.5,10.5,12.25,12.5,10.5,12.25,12.25,12.5,12.5,12.25,12.25,10,10.25,11.5,10.25,12.5,12.25
NCG_305_R2256_imp_ch_flt1-45_flt50_rejectedarte_chr_ICA_prep_rf_int,11.75,11.75,11.75,11.75,11.75,12,12,11.75,11.75,11.75,11.75,11.75,10.5,10.5,11.75,12,12,11.75,11.75,12,12,11.75,11.75,12,12,12,12,11.75,12,12,11.75,12,12,11.75,11.75,11.75,12,11.75,11.75,11.75,12,12,10.5,11.75,11.75,11.75,12,12,11.75,12,12,12,11.75,11.75,12,12,12,11.75,11.75,12,11.75,12
NCG_306_R2256_imp_ch_flt1-45_flt50_rejectedarte_chr1_ICA_prep_rf_int,10.75,10.75,10.75,10.75,10.75,10.75,10.5,10.5,10.75,10.75,10.5,10.75,10.75,11,10.75,10.75,11,11,10.75,10.5,10.5,10.75,10.75,10.75,10.5,10.25,10.75,10.5,10.5,10.5,10.75,10.75,10.75,10.75,10.75,10.75,10.75,10.5,10.75,10.75,10.5,11,10.75,10.5,10.75,11,10.75,10.5,10.75,10.75,10.75,10.5,10.75,10.75,10.5,10.5,10.75,10.75,11,10.5,10.75,10.5
NCG_307_R2256_imp_ch_flt1-45_flt50_rejectedarte_chr_ICA_prep_rf_int,11,11,11,11,10.75,10.75,11,10.75,10.75,10.75,10.75,,10.75,10.75,10.75,10.75,,10.75,10.75,10.75,10.75,10.75,10.75,10.75,10.5,10.75,10.75,10.75,10.5,10.5,11,10.75,11,11,10.75,10.75,10.75,10.75,10.75,10.75,11,10.75,10.75,10.75,,10.75,10.75,10.75,10.75,10.75,10.75,10.5,11,11,10.5,10.5,10.5,10.75,11,11,11,10.5
NCG_308_R2256_imp_ch_flt1-45_flt50_rejectedarte_chr_ICA_prep_rf_int,11,11,11,11,11,11,11,11,11,11,11,11,11,11,11,11,11,11,11,11,11,11,11,11,11,11,11,11,11,11,11,11,11,11,11,11,11,11,11,11,11,11,11,11,11,11,11,11,11,11,11,11,11,11,11,11,11,11,11,11,11,11
NCG_309_R2256_imp_ch_flt1-45_flt50_rejectedarte_chr_ICA_prep_rf_int,9.25,9.5,9.5,8.75,8.75,9,9.5,9.25,8.5,8.75,9.25,8.75,8.5,8.75,9.5,10,8.5,9.5,9.75,9.75,9.75,9.75,9.75,9.75,9.75,9.75,9.75,9.75,9.75,9.75,8.75,9,9.5,9.5,8.75,8.75,9.25,9.5,8.5,8.75,9.75,8.5,8.75,9.75,8.5,9.75,9.75,10,9.75,9.75,9.75,9.75,9.75,9.75,9.75,9.75,8.5,8.5,9.5,8.5,9.75,9.75
NCG_310_R2256_imp_ch_flt1-45_flt50_rejectedarte_ICA_prep_rf_int,11.25,11.25,11.25,11.25,11.25,11.25,11.25,11,11,11.25,11,11,10.75,11,11.25,11.5,11.25,11,11,11.5,11.5,11.25,11,11.25,11.5,11.5,11.5,11.25,11.5,11.5,11.25,11.25,11.25,11.25,11.25,11.25,11.25,11.25,11.25,11.25,11,11,11,11.5,11.5,11,11.25,11.5,11.25,11.25,11.5,11.5,11.25,11.25,11.5,11.5,10,10.75,11,11.5,11.25,11.5
NCG_311_R2256_imp_ch_flt1-45_flt50_rejectedarte_ICA_prep_rf_int,9.25,9.25,9.25,9.5,9.25,9.75,10.25,10.25,9.5,11,10.75,10.5,11.5,11.5,10.75,10.5,10.5,11.5,11.25,10.75,10.5,11.5,11.5,10.5,10.5,10.5,10.25,11.5,11.25,11,9.25,9.25,9.25,11.5,9.25,9.25,9.5,10.25,11.25,10.75,10.5,11.5,11.25,10.75,10.5,11.5,10.75,10.5,11.5,11.5,10.5,10.5,11.5,11.5,10.5,10.5,10,10.25,11.5,10.25,11.5,10.5
NCG_312_ER2256_imp_ch_flt1-45_flt50_rejectedarte_chr_ICA_prep_rf_int,,11.5,,,11.75,11.75,11.75,,11.75,11.75,11.75,11.75,11.75,11.75,11.75,11.75,,11.75,11.75,11.75,11.75,,11.75,11.75,11.75,,11.75,,11.75,11.75,11.75,11.75,11.75,11.5,11.75,11.75,11.75,11.75,11.75,11.75,11.75,11.75,11.75,11.75,11.75,11.75,11.75,11.75,11.75,11.75,11.75,11.75,11.75,11.75,11.75,11.75,,,,,11.75,
NCG_313_R2256_imp_ch_flt1-45_flt50_rejectedarte_chr_ICA_prep_rf_int,10.5,10.75,10.75,10.5,10.25,10.5,10.5,10.5,10.75,10,10,10.75,10,10.5,10,10.75,10.75,10.25,10,10,10.75,10,10,10,10,10,10,10,10,10,10.25,10.5,10.75,10.75,10.25,10.25,10.5,10.5,10.5,10,10.5,10.75,10,10.25,10.75,10,10,10.25,10,10,10,10,10,10,10,10,10.75,10.75,10,10.75,10,10
NCG_314_R2256_imp_ch_flt1-45_flt50_rejectedarte_chr_ICA_prep_rf_int,8.25,8.25,8.25,8,8,8,8,8,8,8,8,8,8.25,8,8,10.25,8.25,8.25,8.5,10.25,10.25,8.5,8.75,10,10.25,10.25,10.25,10.5,10.5,10.5,8,8,8,8,8,8,8,8,8,8,8,8.25,8,10.25,8.25,8.5,8.25,10.25,8.75,8.75,10,10.25,10.25,10,10.25,10.25,8,8.25,8.5,8.25,10.25,10.25
NCG_315_R2256_imp_ch_flt1-45_flt50_rejectedarte_chr_ICA_prep_rf_int,8.25,8.25,8.25,8,7.75,7.75,8,8,8,7.75,8,8,8.5,8.25,8,8.25,8.25,8.5,8.25,8.25,8.5,8.5,8.5,8.5,8.5,8.5,8.5,8.5,8.5,8.5,8.25,8,8,8,7.75,7.75,7.75,8,7.75,7.75,8,8.25,8,8.25,8.25,8.5,8.25,8.25,8.5,8.5,8.5,8.5,8.5,8.5,8.5,8.5,8.25,8.25,8.5,8.5,8.5,8.5
NCG_316_R2256_imp_ch_flt1-45_flt50_rejectedarte_chr_ICA_prep_rf_int,10.25,10.25,10.25,10.25,10.25,10.25,10.25,10.25,10.25,10.25,10.25,10.25,10.25,10.25,10.25,10.25,10.25,10,10,10.25,10.25,10.25,10,10,10,10.25,10,10.25,10,10,10.25,10.25,10,10.25,10.25,10.25,10.25,10.25,10.25,10.25,10.25,10.25,10.25,10.25,10.25,10,10,10.25,10.25,10,10,10.25,10,10,10,10,10.25,10.25,10.25,10.25,10,10
NCG_317_R2256_imp_ch_flt1-45_flt50_rejectedarte_chr_ICA_prep_rf_int,10.5,10.5,10.5,10.5,10.5,10.75,10.5,10.5,10.5,10.75,10.75,10.75,10.5,12.25,10.75,10.75,10.75,10.75,10.75,10.75,10.75,10.5,10.75,10.75,10.75,10.25,11,10.75,10.75,10.5,10.5,10.5,10.5,10.5,10.5,10.75,10.5,10.5,10.75,10.75,10.75,10.75,10.75,10.75,10.75,11,10.75,10.75,10.75,10.75,10.75,10.5,10.75,10.75,10.75,10.5,10.5,10.5,10.5,10.75,10.5,10.5
NCG_318_R2256_imp_ch_flt1-45_flt50_rejectedarte_chr_ICA_prep_rf_int,11.25,11.25,10.75,11.25,11,11,11,11.5,10.75,10.75,10.75,12.25,10.5,10.5,10.5,10.75,12,10.75,10.5,10.5,10.5,10.75,10.5,10.5,10.5,10.75,10.5,10.5,10.5,10.5,11,11,11,10.75,11.25,11,11,11.25,10.5,10.75,11,10.5,10.5,10.5,10.75,10.5,10.5,10.5,10.75,10.5,10.5,10.5,10.5,10.5,10.5,10.5,11,12.25,10.75,10.75,10.5,10.5
NCG_319_R2256_imp_ch_flt1-45_flt50_rejectedarte_chr_ICA_prep_rf_int,9.75,9.75,9.75,9.75,9.75,9.75,9.75,9.75,9.75,9.75,9.75,9.75,10,9.75,9.75,9.75,9.75,10,9.75,9.75,9.75,10.25,10,9.75,9.75,10,9.75,10,10,10,9.75,9.75,9.75,9.75,9.75,9.75,9.75,9.75,9.75,9.75,9.75,10,9.75,9.75,9.75,9.75,9.75,9.75,10,9.75,9.75,10,10,10,9.75,9.75,9.75,9.75,10.25,10,10.25,9.75
NCG_320_R2256_imp_ch_flt1-45_flt50_rejectedarte_chr_ICA_prep_rf_int,10.25,10.25,10.25,8.75,10.25,10.25,10.25,10.25,10.25,10.25,10.25,10.25,10.5,10.5,10.25,10.25,10.25,10.5,10.5,10.5,10.5,10.5,10.5,10.5,10.5,10.5,10.5,10.75,10.75,10.75,9,10.25,10.25,10.25,10.25,10.25,10.25,10.25,10.25,10.25,10.25,10.5,10.25,10.25,10.25,10.5,10.5,10.5,10.5,10.5,10.5,10.5,10.5,10.5,10.5,10.5,8.75,10.25,10.5,10.5,10.5,10.5
NCG_321_R2256_imp_ch_flt1-45_flt50_rejectedarte_ICA_prep_rf_int,12.25,12.25,12.25,12.25,12.25,12.25,12.25,12.25,12.25,12.25,12.25,12.25,12,12.25,12.25,12.25,12.25,12,12,12,12,12,12,11.75,11.75,12,11.75,12,11.75,11.75,12.25,12.25,12.25,12.25,12.25,12.25,12.25,12.25,12.25,12.25,12.25,12,12.25,12.25,12.25,12,12,12,12,11.75,11.75,11.75,12,12,11.75,11.75,12.25,12.25,12,12,12,11.75
NCG_322_R2256_imp_ch_flt1-45_flt50_rejectedarte_ICA_prep_rf_int,9.5,9.5,9.5,9.75,9.75,9.5,9.5,9.5,9.75,9.75,9.5,9.5,9.5,9.5,9.5,9.5,9.5,9.5,9.5,9.5,9.5,9.5,9.5,9.5,9.5,9.5,9.5,9.5,9.5,9.5,9.5,9.5,9.5,9.5,9.75,9.5,9.5,9.5,9.75,9.5,9.5,9.5,9.5,9.5,9.5,9.5,9.5,9.5,9.5,9.5,9.5,9.5,9.5,9.5,9.5,9.5,9.75,9.5,9.5,9.5,9.5,9.5
NCG_323_R2256_imp_ch_flt1-45_flt50_rejectedarte_ICA_prep_rf_int,10.5,10.5,10.5,11.75,11.75,10.75,11.5,11.75,11.75,12,11.5,11.75,11.75,12,10,11.75,11.75,12,11.75,10.75,11.5,12,10.25,10,10.25,11.25,10.25,10.25,10.25,10.25,11.25,11.5,10.75,11,11.75,11.75,11.5,11.75,12,11.5,11.75,12,12,11.5,11.75,12,10,11.5,10.25,10,10.25,11.25,10.25,10.25,10.25,10.25,11.75,11.75,12,11.75,10.5,10.25
NCG_324_R2256_imp_ch_flt1-45_flt50_rejectedarte_ICA_prep_rf_int,9.75,9.75,9.75,9.75,9.5,9.75,9.75,10,9.75,9.75,9.75,10,10,10,10,10,10.25,10,10,10,10.25,,10,10,10.25,,10.25,10,10,,9.75,9.5,9.75,10,9.75,9.75,9.75,10,9.75,9.75,9.75,9.75,10,10,10,10,10,10.25,10,10,10.25,10.25,10,10,10.25,10.25,9.75,10,10,,10,
NCG_325_R2256_imp_ch_flt1-45_flt50_rejectedarte_ICA_prep_rf_int,12,12,12,12,12,12,12,12,12.25,12,12,12,12,12,,12.25,12.25,12,12,12.25,12.25,12,12,12,12.25,12.25,12,12,12,12,12,12,12,12,12,12,12,12,12.25,12,12,12,12,12.25,12.25,12,12,12.25,12,12,12.25,12.25,12,12,12,12.25,12.25,12,12,12.25,12,12.25
NCG_326_R2256_imp_ch_flt1-45_flt50_rejecetedarte_ICA_prep_rf_int,10.25,10.25,10.25,,,10.25,10.25,10.25,10.25,,10.25,10.25,10.25,10.25,10.25,10.25,,10.25,10.25,11,10.5,10.25,10.25,10.75,11,11,10.75,10.5,10.75,11,10.25,,10.25,10.25,,10.25,10.25,10.25,10.25,10.25,10.25,10.25,,10.25,10.25,10.25,11,11,10.25,10.5,11,11,10.5,10.5,11,11,10.25,10.25,10.25,10.5,10.5,11
NCG_327_R2256_imp_ch_flt1-45_flt50_rejectedarte_ICA_prep_rf_int,11.25,11.25,11,11.5,11.5,11.25,11,11,11.5,11.5,11.25,11,11.5,11.5,11.5,11.25,11.5,11.5,11.25,10.75,11.5,11.25,11,10.75,10.75,11.25,10.75,11,10.75,10.75,11,11.25,11,11,11.5,11.5,11.25,11,11.5,11.25,11.25,11.5,11.5,11.25,11.25,11.25,11,11,11.25,11,10.75,11,11,11,10.75,11,11.5,11.25,11.5,11.75,11,11
NCG_328_R2256_imp_ch_flt1-45_flt50_rejectedarte_ICA_prep_rf_int,10.75,10.75,10.75,10.75,10.75,10.75,10.75,10.75,10.75,10.75,10.75,10.75,10.5,10.75,10.75,10.75,11,10.75,10.75,10.75,10.75,10.75,10.75,10.75,10.75,10.75,10.75,10.5,10.5,10.75,10.75,10.75,10.75,10.75,10.75,10.75,10.75,10.75,10.75,10.75,10.75,10.75,10.75,10.75,10.75,10.75,10.75,10.75,10.75,10.75,10.75,10.75,10.75,10.75,10.75,10.75,10.5,10.75,10.75,10.75,10.75,10.75
NCG_329_R2256_imp_ch_flt1-45_flt50_rejectedarte_ICA_prep_rf_int,10,10,10.25,10.5,10.75,10.75,10.75,10.75,11,11,11,11,11,11,11,11,11,11,11,11,11,10.5,11,11,11,11,11,10.75,10.75,11,10,10.25,10.25,10.25,10.75,10.75,10.75,10.5,11,11,11,11,11,11,11,11,11,11,10.75,11,11,11,10.75,10.75,11,11,10.75,11,10.75,11,10.75,11
NCG_330_R2256_imp_ch_flt1-45_flt50_rejectedarte_ICA_prep_rf_int,11,11,11,11,11,11,11.25,11.25,11,11,11,11.25,11,11,11,11.25,11.25,11,11,11,11,11,11,11,11,10.75,11,11,11,11,11,11,11,11.25,11,11,11,11.25,11,11,11.25,11,11,11.25,11.25,11,11,11.25,11,11,11,11,11,11,11,11,11,11.25,11,11,11,11
NCG_331_R2256_imp_ch_flt1-45_flt50_rejectedarte_ICA_prep_rf_int,11.25,11.25,11.25,11.25,11.25,11.25,11.25,11.25,11.5,11.5,11.5,11.75,11.25,11.5,11.5,11.75,11.25,10.5,10.5,10.5,10.5,10.25,10.5,10.5,10.5,10,10.5,10.5,10.5,10.5,11.25,11.25,11.25,11.25,11.25,11.25,11.25,11.25,11.5,11.25,11.75,11.75,11.5,11.5,11.5,10.5,10.5,10.5,10.5,10.5,10.5,10.25,10.5,10.5,10.5,10.25,11.5,11.5,10.5,10,10.5,10.25
NCG_332_R2256_imp_ch_flt1-45_flt50_rejectedarte_ICA_prep_rf_int,10.5,10.75,10.75,10.5,10.5,10.75,10.75,10.75,10.5,10.5,10.5,10.75,10.5,10.5,10.25,10.5,10.5,10.5,10.25,10.5,10.5,10.5,10.5,10.5,10.5,10.5,10.75,10.75,10.75,10.5,10.5,10.5,10.75,10.75,10.5,10.5,10.75,10.75,10.5,10.5,10.75,10.5,10.25,10.5,10.5,10.5,10.25,10.5,10.5,10.5,10.5,10.5,10.75,10.75,10.5,10.5,10.5,10.75,10.5,10.5,10.75,10.5
NCG_333_R2256_imp_ch_flt1-45_flt50_rejectedarte_ICA_prep_rf_int,10.25,10.25,10.25,10.25,10.5,10.5,10.5,10.25,10.5,10.5,10.5,10.5,10.25,10.5,10.5,10.5,10.25,10.25,10.5,10.5,10.25,10.25,10.25,10.5,10.5,10.25,10.25,10,10,10.25,10.25,10.25,10.5,10.25,10.25,10.5,10.5,10.5,10.5,10.5,10.5,10.5,10.5,10.5,10.25,10.5,10.5,10.5,10.25,10.25,10.5,10.25,10.25,10.25,10.25,10.25,10.25,10.25,10.25,10.25,10.25,10.25
NCG_334_R2256_imp_ch_flt1-45_flt50_rejectedarte_ICA_prep_rf_int,8.75,8.75,8.75,8.5,8.5,8.5,8.5,8.75,8.5,8.5,8.5,8.5,8.5,8.5,8.5,8.75,8.5,8.5,9,9,8.75,8.75,9,9,9,8.75,9,9,9,9,8.5,8.5,8.5,8.75,8.5,8.5,8.5,8.5,8.5,8.5,8.5,8.25,8.5,8.75,8.25,9,9,9,8.75,9,9,9,8.75,8.75,9,9,8.5,8.5,8.5,8.5,8.75,9
NCG_335_R2256_imp_ch_flt1-45_flt50_rejectedarte_ICA_prep_rf_int,10.25,10.25,10.25,10.25,10.25,10,11,11.25,10.25,10,11,11.25,10.25,10,9.75,11.25,11.25,10,9.75,10,10.75,10.25,10,9.75,10.5,10.25,9.75,10,9.75,10.25,10.25,10.25,10,10,10.25,10,10,10.25,10.25,10,11.25,10.25,9.75,11.25,11.25,10,9.75,10.75,10,9.75,10,10.5,10,10,10.5,10.5,10.25,11.25,10.25,10.75,10,10.5
NCG_336_R2256_imp_ch_flt1-45_flt50_rejectedarte_ICA_prep_rf_int,11.25,11.25,10.5,10.75,11.5,11.5,11.75,10.5,10.5,10.5,10.5,10.5,10.75,10.5,10.5,10.25,10.25,11.25,10.5,10.5,10.25,10.5,10.75,10.75,10.5,10.25,10.75,10.75,10.5,10.5,11.25,11.5,11.75,10.75,11.5,11.25,11.5,10.75,10.5,10.5,10.5,11,10.5,10.5,10.25,10.75,10.5,10.5,10.75,10.75,10.5,10.25,10.5,10.75,10.5,10.5,10.5,10.5,10.5,10.25,10.5,10.5
NCG_337_R2256_imp_ch_flt1-45_flt50_rejectedarte_ICA_prep_rf_int,8.25,8.25,8.25,8,8,8,8,8.25,8,8,8,8,8.25,8.25,8.25,8.25,8.25,8.25,8.25,8.25,8.25,8.25,8.25,8.25,8.25,10.25,8.25,8.25,8.25,8.25,8.25,8,8,8.25,8,8,8.25,8,8,8,8.25,8.25,8.25,8.25,8.25,8.25,8.25,8.25,8.25,8.25,8.25,8.25,8.25,8.25,8.25,8.25,8.25,8.25,10.5,8.25,8.25,8.25
OC_10_ch256_flt1-45_flt50_rejectearte_rch_imp_ICA_prep_rf_int,8.25,8.25,8.25,8.25,8,8,8,8.25,8,8,8,8,8,8,8,8,8,8,8,8,8.25,10,8,8,8.5,9.5,10.25,10.25,10,9.25,8.25,8,8,8.25,8,8,8,8,8,8,8,8,8,8,8,8,8,8,8.25,8,8.25,9.5,10,8,9.25,9.25,8,8,8,9.75,10,9.25
OC_11_R2_ch256_flt1-45_flt50_rejectedarte_rch_imp_ICA_prep_rf_int,10.75,10.75,10.75,10.75,10.75,10.75,10.75,10.75,10.75,10.75,10.75,10.75,10.75,10.75,10.75,10.75,10.75,10.75,10.75,10.75,10.75,10.75,10.75,10.75,10.75,10.75,10.75,10.75,10.75,10.75,10.75,10.75,10.75,10.75,10.75,10.75,10.75,10.75,10.75,10.75,10.75,10.75,10.75,10.75,10.75,10.75,10.75,10.75,10.75,10.75,10.75,10.75,10.75,10.75,10.75,10.75,10.75,10.75,10.75,10.75,10.75,10.75
OC_12_R2_ch256_flt1-45_flt50_rejectedarte_rch_imp_ICA_prep_rf_int,10.25,10.25,10.25,10.25,10.25,10.25,10.25,10.25,10.25,10.5,10.25,10.5,10.25,10.5,10.5,10.5,10.5,10.75,10.5,10.5,10.5,10.75,10.5,10.5,10.5,10.25,10.5,10.5,10.5,10.5,10.25,10.25,10.25,10.25,10.25,10.25,10.25,10.25,10.5,10.25,10.25,10.5,10.5,10.5,10.5,10.75,10.5,10.5,10.75,10.5,10.5,10.5,10.5,10.5,10.5,10.5,10,10.5,10.75,10.25,10.5,10.5
OC_15_R2_ch256_flt1-45_flt50_rejectedarte_rch_imp_ICA_prep_rf_int,11.25,11,11,11,11.25,11.25,11,11,11,11.25,11,10.75,10,11,11.25,11,11,10.75,11,11,11,10,10.75,11,11.25,11.25,11,11,11,11,11,11.25,11,11,11.25,11.25,11,11,11.25,11.25,11,10.75,11.25,11,11,10.75,11.25,11,10.5,10.75,11.25,11.25,10.75,10.75,11.25,11.25,10.75,11,9.75,11.25,10.75,11.25
OC_16_R2_ch256_flt1-45_flt50_rejeectedarte_rch_imp_ICA_prep_rf_int,10.5,10.25,10.5,10.5,10.5,10.5,10.5,10.5,10.5,10.5,10.5,10.25,10.5,10.25,10.5,10.25,10.25,10.25,10.5,10.25,10.25,10.25,10.25,10.25,10.25,10.25,10.25,10.5,10.25,10.25,10.5,10.25,10.5,10.5,10.5,10.25,10.5,10.5,10.5,10.5,10.25,10.25,10.5,10.5,10.25,10.25,10.5,10.25,10.25,10.25,10.25,10.25,10.5,10.5,10.25,10.25,10.5,10.25,10.25,10.25,10.5,10.25
OC_17_R2_ch256_flt1-45_flt50_rejectedarte_rch_imp_ICA_prep_rf_int,11.75,11.75,11.75,11.75,11.75,11.75,11.75,11.75,11.75,11.75,11.75,11.75,11.75,11.75,11.75,11.75,11.75,11.75,11.75,11.75,11.75,11.75,11.75,11.75,11.75,11.75,12,11.75,12,11.75,11.75,11.75,11.75,11.75,11.75,11.75,11.75,11.75,11.75,11.75,11.75,11.75,11.75,11.75,11.75,11.75,11.75,11.75,11.75,11.75,11.75,11.75,11.75,11.75,11.75,11.75,11.75,11.75,11.75,11.75,11.75,11.75
OC_18_R2_ch256_flt1-45_flt50_rejectedarte_rch_imp_ICA_prep_rf_int,12,12,12,,12,12,12,,12,12,12,11.75,,12,12,11.75,,11.75,12,11.75,11.75,11.75,11.75,11.75,11.75,12,11.75,11.75,11.75,11.75,12,12,12,12,12,12,12,12,12,12,12,12,12,11.75,11.75,11.75,12,11.75,11.75,11.75,11.75,11.75,11.75,11.75,11.75,11.75,,,,,11.75,11.75
OC_19_R2_ch256_flt1-45_flt50_rejectedarte_rch_imp_ICA_prep_rf_int,10.75,10.75,11,11.25,10.75,10.75,11,11,11.25,10.75,11,11.25,11,11,11,12,11.25,11,11,12,12.5,11,11,11.25,,,11.25,11,,,11,10.75,11,11,11,10.75,10.75,11,11,10.75,11,11,11,11.5,12,11,11.25,12.5,11,11,,,11,11,,,11.25,11,11,12,11,
OC_1_R2_ch256_flt1-45_flt50_rejectedarte_rch_imp_ICA_prep_rf_int,8.5,8.5,8.5,8.5,8.5,8.5,8.5,8.5,8.5,8.5,8.5,10.5,10.5,10.5,8.5,10.5,10.5,10.5,10.5,10.5,10.5,10.5,10.5,10.5,10.5,10.25,10.5,10.5,10.5,10.5,8.5,8.5,8.5,8.5,8.5,8.5,8.5,8.5,8.5,8.5,10.5,10.5,10.5,10.5,10.5,10.5,10.5,10.5,10.5,10.5,10.5,10.5,10.5,10.5,10.5,10.5,8.75,10.5,8.75,8.75,10.5,10.25
OC_21_R2_ch256_flt1-45_flt50_rejectedarte_rch_imp_ICA_prep_rf_int,11.5,11.25,11.5,11.75,11.25,11.25,11.25,11.5,11.75,11.25,11.25,11.5,11.5,11.5,11.25,11.75,11.25,11.5,11.25,11.25,11.75,11.5,11.25,11.25,11.25,12,11.25,11.25,11.25,11.25,11.5,11.25,11.25,11.5,11.5,11.25,11.25,11.25,11.5,11.25,11.5,11.5,11.25,11.25,11.75,11.5,11.25,11.5,11.5,11.25,11.25,11.5,11.5,11.25,11.25,11.5,12,11.25,11.5,12,11.5,11.5
OC_23_R2_ch256_flt1-45_flt50_rejectedarte_rch_imp_ICA_prep_rf_int,11.75,11.75,11.5,11.75,11.5,11.5,11.5,11.5,11.75,11.5,11.25,11.5,11.5,11.5,11.25,11.5,11.5,11.75,11.25,11.5,11.75,11.5,11.5,11,11.75,11.75,11.75,12,11.75,12.25,11.75,11.75,11.5,11.25,11.5,11.5,11.5,11.25,11.5,11.5,11.5,11.75,11.25,11.25,11.5,11.5,11,11.5,11.5,11,11.5,11.75,11.5,11.25,12,12,11.75,11.5,11.5,11.75,11.5,12
OC_24_R2_ch256_flt1-45_flt50_rejectedarte_rch_imp_ICA_prep_rf_int,11,11,11,10.75,10.75,10.75,11,11,10.75,10.75,10.75,11.25,10.75,10.75,10.75,11.25,11.25,11,10.75,11,11,10.75,11,11,11,10.75,11,11,11,11,11,11,11,11,11,10.75,11,11,10.75,10.75,11.25,10.75,10.75,11,11.25,11,10.75,11,11,11,11,11,11,11,11,11,10.75,11.25,11,10.75,11,10.75
OC_25_R2_ch256_flt1-45_flt50_rejecetdarte_rch_imp_ICA_prep_rf_int,11.25,11,11,7.5,11.25,11.25,11.5,11.25,11.25,11.5,11.5,11.5,7.5,11.25,11.5,11.5,11,11.25,11.25,11.25,10.25,11,11,11.25,11,10.5,11.25,11,11.25,11,11.25,11.25,11.25,11,11.25,11.25,11.5,11.5,11.5,11.5,11.5,11.25,11.5,11.5,11.25,11,11.25,11,11,11,11.25,10.5,11,11,11,10.75,7.5,11.5,11,10.25,11,10.75
OC_26_R2_ch256_flt1-45_flt50_rejectedarte_rch_imp_ICA_prep_rf_int,11.75,11.75,12,11.75,11.75,11.75,,12,11.75,11.5,,11.75,12,10.75,10.5,11.75,11.75,12,10.75,11.5,11.75,12.25,10.75,11,11.75,11.75,11,10.75,11,11.5,11.75,11.75,11.75,,11.75,11.75,11.75,,11.5,11.5,11.75,11.75,10.5,11.5,11.75,10.75,10.75,11.75,10.75,10.75,11.5,11.75,10.75,10.75,11.5,11.75,12,11.75,12.25,11.75,12.5,11.75
OC_27_R2_ch256_flt1-45_flt50_rejectedarte_rch_imp_ICA_prep_rf_int,11,11,11.25,11,10.5,11,11.25,10.75,10.75,10.5,10.5,10.5,10.75,10.75,10.25,11,11,10.75,10.25,10.75,11.25,10.5,10.25,10.25,11,11,10.25,10.5,10.5,10.5,11,10.75,11.25,11,10.5,10.75,11,11,10.5,10.75,10.25,10.75,10.25,10.25,11.25,10.5,10.25,10.75,10.5,10.25,10.5,11,10.25,10.25,10.75,10.75,10.75,10.75,10.75,11.25,10.25,10.75
OC_28_R2_ch256_flt1-45_flt50_rejectedare_rch_imp_ICA_prep_rf_int,8.25,8.25,8.25,8.5,8.25,8.25,8.25,8.5,8.5,8.25,8.25,8.25,8,8.5,8.25,8.5,8.5,8.5,8.5,8.5,8.5,8.25,8.75,8.75,8.75,8.5,8.75,8.75,8.75,8.5,8.5,8.25,8.25,8.25,8.5,8.25,8.25,8.25,8.5,8.25,8.25,8.5,8.5,8.5,8.5,8.75,8.5,8.5,8.75,8.75,8.75,8.5,8.75,9,8.75,8.5,8.25,8.5,8,8.25,8.75,8.5
OC_29_R2_ch256_flt1-45_flt50_rejectedarte_rch_imp_ICA_prep_rf_int,10.75,10.75,12.5,10.75,10.75,12.5,10.75,12.25,10.75,10.75,10.75,12.25,11,11,10.75,11,11.25,12.25,11,10.75,11,11,11,10.75,10.75,11,10.75,10.75,10.75,10.75,10.75,10.75,12.5,12.5,10.75,10.75,12.5,12.5,10.75,10.75,10.75,11,10.75,11,11,12.25,10.75,11,12.25,10.75,10.75,10.75,10.75,10.75,10.75,10.75,10.75,12.25,11,11,11,10.75
OC_2_R2_ch256_flt1-45_flt50_rejectedarte_rch_imp_ICA_prep_rf_int,8.75,8.75,8.75,8.75,8.75,8.75,8.75,8.75,8.75,8.75,8.5,10.75,9,8.75,8.75,9.25,9,8.75,9,9,9,8.75,8.75,9,9,8.75,9,9,9,9,8.75,8.75,8.75,8.75,8.75,8.75,8.75,8.75,8.75,8.75,11,8.75,8.75,9,9.25,8.75,9,9,8.75,9,9,9,8.75,8.75,9,9,9,9,9,8.75,8.75,9
OC_30_R2_ch256_flt1-45_flt50_rejectedarte_rch_imp_ICA_prep_rf_int,10.75,10.75,10.75,10.75,10.25,10.5,10.5,10.25,10,10.25,10.25,10,10.25,10,10,10,11.25,10.25,10,10,10,10.25,10.25,10,10,10,10,10,10,10,10.5,10.5,10.75,10.75,10.5,10.5,10.5,10.75,10.25,10.25,10,10.25,10,10,11.25,10.25,10,10,10.25,10,10,10,10.25,10,10,10,10,10,10.25,10,10.25,10
OC_31_R2_ch256_flt1-45_flt50_rejectedarte_rch_imp_ICA_prep_rf_int,10.5,10.5,10.5,10.5,8.25,8.25,8.25,10.5,8.25,8.25,8.25,8.25,,8.25,8.25,8.25,11.25,8.25,8.25,8.25,8.25,10.75,8.25,8.25,10.25,10.25,10.25,10.25,10.25,10.25,10.5,10.5,8.25,10.5,10.5,8.25,8.25,8.25,8.25,8.25,8.25,8.25,8.25,8.25,8.25,8.25,8.25,8.25,10.5,8.25,8.25,10.25,10.5,10.25,10.25,10.25,10.5,10.75,11,11,10.5,10.25
OC_33_R2_ch256_flt1-45_flt50_rejectedarte_rch_imp_ICA_prep_rf_int,10,10.25,10.25,10,9.75,10,10,10.25,9.75,9.75,9.75,10,9.75,10,9.5,10.25,10.25,10.5,10.25,10.25,10.5,10.25,10.5,10.5,10.5,10.25,10.5,10.5,10.5,10.5,10,10,10,10.25,10,10,10,10,9.75,9.75,10,10.25,9.5,9.75,10.5,10.5,10.25,10.5,10.5,10.5,10.5,10.5,10.5,10.5,10.5,10.5,10,10,10.5,10.25,10.5,10.5
OC_34_R2_ch256_flt1-45_flt50_rejectedarte_rch_imp_ICA_prep_rf_int,9.25,9.25,9.25,9.5,9.25,9.25,9.5,9.5,9.5,9.25,9.5,9.5,9.75,9.5,9.5,9.5,9.5,9.5,9.5,9.5,9.5,9.5,9.5,9.5,9.5,9.5,9.5,9.5,9.5,9.5,9.25,9.25,9.5,9.5,9.25,9.25,9.25,9.5,9.25,9.25,9.5,9.75,9.5,9.5,9.5,9.5,9.5,9.5,9.5,9.5,9.5,9.5,9.5,9.5,9.5,9.5,9.5,9.5,9.5,9.5,9.5,9.5
OC_35_R2_ch256_flt1-45_flt50_rejectedarte_rch_imp_ICA_prep_rf_int,10.25,10.25,10.25,10.25,10.25,10.25,10.25,10.25,10.25,10.25,10.25,10.25,10.25,10.25,10.25,10.25,9.25,10,10.25,10.5,10.25,10,10.25,10.5,10.5,10.25,10.5,10.25,10.5,10.5,10.25,10.25,10.25,10.25,10.25,10.25,10.25,10.25,10.25,10.25,10.25,10.25,10.25,10.25,10,10,10.25,10.5,10.25,10.25,10.75,10.5,10.25,10.25,10.5,10.5,10.25,10,10,10,10.25,10.5
OC_37_R2_ch256_flt1-45_flt50_rejectedarte_rch_imp_ICA_prep_rf_int,10,10,10,10,10,10,10.25,10,10,10,10.25,10,10,10.25,10.25,10.25,10,10.25,10.5,10.25,10,10,10.25,10,10,10,10.25,10,10,10,10,10,10,10,10,10,10,10,10,10,10.25,10.25,10.25,10.25,10,10.5,10.5,10.25,10.25,10.25,10,10,10.25,10.25,10,10,10,10,10,10,10,10
OC_38_R2_ch256_flt1-45_flt50_rejectedarte_rch_imp_ICA_prep_rf_int,9.5,9.5,9.5,9.25,9.5,9.5,10.75,9.5,11.25,9.5,10.75,10.75,11,10.75,10,10.75,9.75,10.75,10,10,10,10.25,10,10,10,9.75,10.25,10.25,10.25,10,9.25,9.5,9.25,9.25,9.25,9.5,9.25,9.25,11,9.5,10.75,11,10.25,10.5,10.5,10.25,10,10.25,10.25,10,10,10,10.25,10,10,10,9,10.75,11,9.75,10.25,10
OC_3_R2_ch256_flt1-45_flt50_rejectedarte_rch_imp_ICA_prep_rf_int,10.25,10,10,9.75,10,10.25,10,9.75,9.75,10,10.25,10.5,10,10.25,10.5,10.5,10.25,10.5,10.5,10.5,10.75,10.25,10.5,10.5,10.75,10.5,10.5,10.5,10.5,10.5,9.75,10,10,9.75,9.75,10.25,10,9.75,10,10.25,10.5,10,10.5,10.5,10.5,10.5,10.5,10.5,10.25,10.5,10.5,10.75,10.5,10.5,10.75,10.75,9.75,10.25,10,10.5,10.5,10.75
OC_4_R2_ch256_flt1-45_flt50_rejectedarte_rch_imp_ICA_prep_rf_int,9,9,9,9,8.75,9,9,9,9,9,9,9,9,9.25,9,9,9,9,9,9,9,9,9,9,9,9,9.25,9,9,9,9,8.75,9,9,9,9,9,9,9,9,9,9,9,9,9,9,9,9,9,9,9,9,9,9,9.25,9.25,9,9,9,9,9,9
OC_6_R2_ch256_flt1-45_flt50_rejectedarte_rch_imp_ICA_prep_rf_int,10.25,10.25,10.5,10,10.25,10.25,10.25,10.25,10.5,9.75,10,10.25,10.75,10.75,9.5,10.5,10.5,10.75,10.5,10.5,10.5,11,10.75,10.5,10.5,10.25,10.25,10.5,10.25,10.25,10.25,10.25,10.25,10.25,10,10.25,10.5,10.25,10,10,10.25,10.75,10,10.5,10.5,10.75,10.5,10.5,11,10.5,10.5,10.25,10.75,10.5,10.25,10.25,10.5,10.25,10.75,10.5,10.75,10.25
OC_7_R2_ch256_flt1-45_flt50_rejectedarte_rch_imp_ICA_prep_rf_int,10.75,10.75,10.75,10.5,10.75,10.75,10.5,10.75,10,10.75,10.5,10.75,10,9.5,10.25,10.75,11,10.75,9.5,10.25,10,10.75,10.5,10.25,10,10,10.5,10.5,10.5,10.25,10.75,10.75,10.75,10.5,10.75,10.75,10.75,10.75,10.75,10.75,10.75,10,9.5,10.5,10.75,10.5,10.25,10.5,10.75,10.5,10,10,10.75,10.5,10,10,10,10.75,10,10,10.75,10
OC_9_R2_ch256_flt1-45_flt50_rejectedarte_rch_imp_ICA_prep_rf_int,10.75,10.75,10.75,11,11,11.25,8.25,11,11,11.5,12,8.5,12.5,12.25,11.5,11.25,10.5,12.25,11.25,11,10.75,10.75,11,11,11,10.75,11,11,11,10.75,10.75,10.75,11,10.75,11,11,8.25,11.25,11.25,11.75,8.25,11,11.75,11.25,8.5,11.5,11.25,10.75,11,11,11,10.75,11,11,11,10.75,10.75,11.25,12.25,10.75,11,10.75
UID_101_R2256_imp_ch_flt1-45_flt50_rejectedarte_rch_ICA_prep_rf_int,10.5,10.75,10.75,,10.75,10.5,10.75,11,11,11,10.75,11,11,11,10.75,11,11,10.75,10.75,10.75,11,11,10.75,10.5,11,11,10.5,10.75,10.5,10.75,10.75,10.5,10.75,10.75,10.5,10.75,10.75,11,11,10.75,11,11,11,10.75,11,10.75,10.5,11,10.75,10.5,10.75,11,11,10.75,10.75,10.75,11,11,11,11,11,10.75
UID_102_R2256_imp_ch_flt1-45_flt50_rejectedarte_rch_ICA_prep_rf_int,9,9,9,9,9,9,9,9,9,9,9,9,9,9.25,9.25,9,9,9.25,9.25,9.25,9,9,9.25,9.25,9.25,9,9.25,9.25,9.25,9.25,9,9,9,9,9,9,9,9,9,9,9,9.25,9.25,9,9,9.25,9.25,9.25,9.25,9.25,9.25,9,9.25,9.25,9.25,9,9,9,9.25,9,9.25,9
UID_103_R2256_imp_ch_flt1-45_flt50_rejectedarte_rch_ICA_prep_rf_int,10.75,10.75,10.75,10.75,11,11,11,10.75,10.75,10.75,11,11.25,10.75,10.5,10.75,10.75,10,10.25,10.75,10.75,10,10.25,10.5,10.5,10.25,9.75,10.75,10.5,10.5,10,10.75,11,11,10.75,11,11,11,11,10.75,10.75,11,10.5,10.75,10.75,11.25,10.5,10.75,10.5,10.25,10.5,10.5,9.75,10.5,10.5,10.25,10,10.75,11.5,10.25,10,10.5,10
UID_104_R2256_imp_ch_flt1-45_flt50_rejectedarte_ICA_prep_rf_int,9.75,9.75,9.75,9.75,9.75,9.75,9.75,9.75,9.75,9.5,9.5,9.5,9.75,9.75,10.25,9.5,9.5,9.5,10.25,10.25,9.5,9.75,10.25,10.25,10,9.5,10.25,9.75,10,10,9.75,9.75,9.75,9.75,9.75,9.75,9.75,9.75,9.75,9.5,9.5,9.5,10.25,10.25,9.25,10.25,10.5,10,9.75,10.25,10.25,9.75,9.75,10,10,9.75,9.75,9.5,9.5,9.25,9.75,9.75
UID_105_R2256_imp_ch_flt1-45_flt50_rejectedarte_rch_ICA_prep_rf_int,,,,9.25,,,9.75,10,9.25,,9.75,9.75,9.25,9.25,9.5,9.5,9.5,9.25,9.25,9.5,9.5,9.25,9,9,9.25,9.5,9,9,9,9,9.25,,,,9.25,,9.75,10,9.25,9.5,9.75,9.25,9.25,9.75,9.5,9.25,9.25,9.5,9.25,9,9,9.5,9,9,9.25,9.25,9.25,9.5,9.25,9.5,9,9.25
UID_106_R2256_imp_ch_flt1-45_flt50_rejectedarte_rch_ICA_prep_rf_int,9.5,9.5,9.5,9.5,9.5,9.5,9.5,9.25,9.5,9.5,9.5,9.25,9.25,9.5,9.5,9.5,9.5,9.5,9.5,9.75,9.75,9.5,10,10,9.75,9.5,10,9.75,10,9.75,9.5,9.5,9.5,9.25,9.5,9.5,9.5,9.25,9.5,9.5,9.25,9.5,9.5,9.5,9.5,9.75,9.5,9.75,9.75,10,10,9.75,9.75,9.75,9.75,9.75,9.5,9.25,9.25,9.5,9.75,9.5
UID_108_R2256_imp_ch_flt1-45_flt50_rejectedarte_rch_ICA_prep_rf_int,10.25,10.25,10,10,10,10,10,10,10,10,10,10,10,10,10,10,10,10,10,10,10,10.25,10,9.75,9.75,10,9.75,10,10,10,10,10,10,10,10,10,10,10,10,10,10,10,10,10,10,10,10,10,10.25,9.75,9.75,10,10.25,10,9.75,10,10,10,10,10,10.25,10
UID_110_R2256_imp_ch_flt1-45_flt50_rejectedarte_rch_ICA_prep_rf_int,7.25,7.25,7.25,7.25,7.25,7.25,7.25,7.25,7.25,7.25,7.25,7.25,9.5,7.25,7.25,7.25,7.25,7.5,7.5,7.5,10.25,10,7.5,10.25,10.25,10.25,10.25,10.5,10.25,10,7.25,7.25,7.25,7.25,7.25,7.25,7.25,7.25,7.25,7.25,7.25,7.25,7.5,7.25,7.25,7.5,7.5,7.5,7.5,7.5,10.25,10,10.25,10.25,10.25,10,7.5,7.25,9.75,10.25,10.5,10
UID_111_R2256_imp_ch_flt1-45_flt50_rejectedarte_rch_ICA_prep_rf_int,10,10,10,9.5,9.75,9.75,9.5,9.5,9.5,9.75,10.25,9.5,9.5,10.5,10.5,11,9.75,9.75,10.75,10.75,10.25,10.25,10.75,12,12,10.5,12.5,12.25,12.5,12.5,9.75,9.75,9.75,9.5,9.75,9.75,9.75,9.5,9.25,10,10,9.5,10.5,10.75,9.75,10.75,10.75,11,10.75,11.75,12,10.75,11,12,12.5,12.5,9.5,9.5,9.5,10.25,11,12.5
UID_112_R2256_imp_ch_flt1-45_flt50_rejectedarte_rch_ICA_prep_rf_int,,10.5,,,10.5,10.5,,,,,,10.25,,,10.25,10.25,,,10.25,10.25,10.25,,10.5,10.25,10.25,10.25,10.25,10.5,10.25,10.25,,10.5,10.25,,10.25,10.5,,,,,,,,10.25,,10.5,10.25,10.25,10.5,10.25,10.25,10.25,10.5,10.5,10.25,10.25,10.25,10.5,,10.25,10.5,10.25
UID_114_R2256_imp_ch_flt1-45_flt50_rejectedarte_rch_ICA_prep_rf_int,8.75,8.5,8.75,8.75,8.5,8.5,8.5,8.75,8.5,8.5,8.5,8.75,8.5,8.5,8.5,8.75,8.75,8.75,8.75,8.75,8.75,8.75,8.75,8.75,8.75,8.75,8.75,9,9.25,9,8.75,8.5,8.5,8.75,8.5,8.5,8.5,8.5,8.5,8.5,8.5,8.5,8.5,8.5,8.75,8.75,8.5,8.75,8.75,8.75,8.75,8.75,8.75,8.75,9,9,8.75,8.5,8.75,8.5,8.75,9
UID_115_R2256_imp_ch_flt1-45_flt50_rejectedarte_rch_ICA_prep_rf_int,7.5,7.5,7.75,7.5,7.5,7.5,7.75,7.75,7.5,7.75,7.75,7.75,7.75,7.75,7.75,8,8,7.75,8,8,8,8,8,8,8,8,8,8,8,8,7.5,7.5,7.75,7.75,7.5,7.5,7.75,7.75,7.5,7.75,7.75,7.75,7.75,8,8,8,8,8,8,8,8,8,8,8,8,8,7.5,8,7.75,8,8,8
UID_116_R2256_imp_ch_flt1-45_flt50_rejectedarte_rch_ICA_prep_rf_int,9.75,9.75,10,10,10.5,10.75,10.75,10.75,10.75,10.75,10.75,10.75,9.75,10.5,10.5,10.75,9.75,9.75,10,10.75,10.75,9.75,10,10.5,10.75,10,10.25,9.75,10,10,10.5,10.5,10.5,10.75,10.75,10.5,10.75,10.5,10.75,10.75,10.75,10.75,10.5,10.75,10.75,10,10.5,10.75,10,10,10.75,10.25,9.75,9.75,10.25,10.25,10,10,9.5,10.5,9.75,10.25
UID_119_R2256_imp_ch_flt1-45_flt50_rejectedare_rch_ICA_prep_rf_int,9.25,9.25,9.25,9.5,9,9,9,9.25,9.5,9.25,9,9.5,9.25,9.75,9.5,9.75,10,10,10,10,10,10.25,10.25,10,10,10,10.25,10.25,10.25,10,9.5,9,9,9,9,9,9,9,9,9,9.25,9.5,9.5,9.75,10,10,10,10,10.25,10.25,10,10,10.25,10.25,10,10,9.5,9.75,10,10,10.25,10
UID_121_R2256_imp_ch_flt1-45_flt50_rejectedarte_rch_ICA_prep_rf_int,10.5,10.5,10.5,10.75,10.75,10.75,10.5,11.25,10.75,10.75,10.5,10.25,11,10.75,10.25,10.25,12,10.75,10.5,10.5,10.5,10.75,10.5,10.5,10.5,10.5,10.75,10.5,10.5,10.5,10.75,10.75,10.5,10.5,10.5,10.75,10.75,10.25,10.75,10.5,10.25,11,10.5,10.25,10.25,10.75,10.25,10.5,10.75,10.5,10.5,10.5,10.5,10.5,10.5,10.5,10.75,11.5,11,10.5,10.5,10.5
UID_123_R2256_imp_ch_flt1-45_flt50_rejectedarte_rch_ICA_prep_rf_int,10.75,10.5,10.75,11,11,10.5,11,,11,10.75,11,11,11,10.75,11,11,11.25,10.75,11,11.25,11.25,11,11,11.25,11.25,11.25,11.25,11.25,11.25,11.25,11,10.5,10.75,9.5,11,10.5,10.75,11,10.75,10.75,11,10.75,10.75,11,11.25,11,11.25,11.25,11,11.25,11.25,11.25,11.25,11.25,11.25,11.25,11,11,11,11.25,11.25,11.25
UID_124_R2256_imp_ch_flt1-45_flt50_rejectedarte_rch_ICA_prep_rf_int,11,,,11,11,11,11,,11,11,11,,11,11,11,10.25,10.5,,10.75,10.25,10.75,,,10.75,10.75,11,11,11,11,11,11,11,11,,11,11,11,11,11,11,10.75,11,11,10.75,10.25,10.75,10.5,10.5,,,10.75,10.75,11,11,11,11,11,,,11,11,11
UID_125_R2256_imp_ch_flt1-45_flt50_rejectedarte_rch_ICA_prep_rf_int,11.25,,8.5,11,11,11.25,11.25,11,11,8.75,8.5,11,11,9,8.75,8.75,9,9,8.75,8.75,10.75,10.75,9,8.75,10.75,10.75,10.75,10.75,10.75,10.75,11,11.25,11.25,,11,11,11.25,11.25,9,11,8.5,9,8.75,8.75,8.75,9,8.75,8.75,9,9,8.75,10.75,9,10.75,10.75,10.75,11,10.75,10.75,10.75,10.75,10.75
UID_126_R2256_imp_ch_flt1-45_flt50_rejectedarte_rch_ICA_prep_rf_int,7.5,7.5,7.5,7.5,7.5,7.5,7.5,7.75,7.25,7.5,7.5,7.5,7.5,7.5,7.75,7.75,9.5,9.75,9.75,9.75,9.5,9.5,9.75,9.75,9.5,9.5,9.75,9.5,9.5,9.5,7.5,7.5,7.5,7.75,7.5,7.5,7.5,7.5,7.25,7.5,7.5,7.5,7.5,7.75,7.75,9.75,9.75,9.75,9.5,9.75,9.75,9.5,9.5,9.75,9.5,9.5,7.5,7.75,9.5,9.5,9.5,9.5
UID_127_R2256_imp_ch_flt1-45_flt50_rejectedarte_rch_ICA_prep_rf_int,9.5,9.5,9.5,9.75,9.25,9.25,9.75,10,9.75,9.5,9.75,10.25,9.5,9.5,9.5,10,10,9.5,9.5,9.75,10,9.25,9.5,10,10,10.25,10.25,9.5,10.5,10.25,9.5,9.25,9.5,9.5,9.5,9.25,9.5,9.75,9.5,9.5,10,9.5,9.5,9.75,10,9.5,9.5,10,9.25,9.5,10,10,9.5,9.5,10.25,10.25,9.5,10.25,9.25,10,9.5,10
UID_128_R2256_imp_ch_flt1-45_flt50_rejectedarte_rch_ICA_prep_rf_int,11,11,11,11,11,11.25,11.5,11.25,10.75,10.75,11.25,11.5,11,11.25,10.25,11.25,11.25,11.25,10.5,11,11,11.25,11,10.75,11,11,11,11,11,11,11,11.25,11.25,11.25,11,11,11.25,11.25,10.75,11,11.5,11.25,10.25,11,11.25,11,10.5,11,11,10.75,11,11,11,11,11,11,11,11.25,11.25,11.25,11,11
UID_129_R2256_imp_ch_flt1-45_flt50_rejectedarte_rch_ICA_prep_rf_int,9.75,9.75,9.75,10,,9.75,9.5,9.75,,9.75,9.75,9.5,9.75,9.75,9.75,9.75,9.75,9.75,9.75,9.75,9.75,9.75,9.75,9.75,9.75,9.75,9.75,,,,10,,9.75,9.75,,10,9.5,9.5,,,9.75,10.25,9.75,9.75,9.75,9.75,9.75,9.75,9.75,9.75,9.75,9.75,9.75,9.75,9.75,9.75,10.5,9.75,,9.75,9.75,9.75
UID_130_R2256_imp_ch_flt1-45_flt50_rejectedarte_rch_ICA_prep_rf_int,10.75,10.5,10.5,10.75,10.75,10.5,10.5,10.5,10.75,10.5,10.5,10.5,11,10.75,10.5,10.5,10.5,11,10.5,10.5,10.5,11,10.5,10.25,10.25,10.75,10.25,10.5,10.25,10.5,10.75,10.5,10.5,10.5,10.75,10.5,10.5,10.5,10.75,10.5,10.5,10.75,10.5,10.5,10.5,10.5,10.5,10.5,10.75,10.25,10.25,10.5,10.5,10.25,10.5,10.5,10.75,10.5,11,10.75,10.5,10.5
UID_131_R2256_imp_ch_flt1-45_flt50_rejectedarte_rch_ICA_prep_rf_int,9.75,9.5,9.5,9.75,9.75,9.5,9.5,9.5,9.75,9.75,9.75,9.5,9.75,9.75,9.75,9.75,9.75,10,9.75,9.75,9.75,9.75,10,9.75,9.75,10,9.75,10,10,10,9.75,9.5,9.5,9.5,9.75,9.5,9.5,9.5,9.75,9.5,9.75,9.75,9.75,9.75,9.75,9.75,9.75,9.75,10,9.75,9.75,10,10,10,10,10,9.75,9.5,9.75,9.75,10,10
UID_132_R2256_imp_ch_flt1-45_flt50_rejectedarte_rch_ICA_prep_rf_int,10.75,10.75,10.75,10.75,10.75,10.75,10.75,10.75,10.75,10.75,10.75,10.75,10.75,10.75,10.75,10.75,10.75,11,11,10.75,10.75,11,11,11,10.75,10.75,11,11,11,11,10.75,10.75,10.75,10.75,10.75,10.75,10.75,10.75,10.75,10.75,10.75,10.75,10.75,10.75,10.75,11,11,10.75,11,11,11,10.75,11,11,11,10.75,10.75,10.75,11,10.75,11,10.75
UID_133_R2256_imp_ch_flt1-45_flt50_rejectedarte_rch_ICA_prep_rf_int,10.5,10.5,10.5,10.5,10.75,10.5,10.5,10.5,10.75,10.5,10.5,11,10.5,10.75,10.25,11,11,10.5,10.5,10.5,10.75,10.5,10.5,10.5,10.5,10.5,10.5,10.5,10.5,10.5,10.5,10.5,10.5,10.5,10.75,10.5,10.5,10.5,11,10.5,10.75,10.75,10.5,10.5,11.25,10.5,10.5,10.5,10.5,10.5,10.5,10.5,10.5,10.5,10.5,10.5,10.5,10.75,10.5,10.75,10.5,10.5
oc_14_r2_ch256_flt1-45_flt50_rejectedarte_rch_imp_ICA_prep_rf_int,12,12,11.5,11.75,11.75,11.75,11.75,11.75,11.75,9.75,11.75,11.75,11.75,11.75,9.75,11.75,11.75,11.75,11.75,10,10,11.75,11.75,10,10,10,10,11.5,10,10,10,12,11.75,11.75,11.75,11.75,11.75,11.75,9.75,11.75,11.75,11.75,10,11.5,11.75,11.75,10,10,11.75,11.75,10,10,11.75,11.5,10,10,11.75,11.75,11.75,10,11.75,10
