id,0,1,2,3,4,5,6,7,8,9,10,11,12,13,14,15,16,17,18,19,20,21,22,23,24,25,26,27,28,29,30,31,32,33,34,35,36,37,38,39,40,41,42,43,44,45,46,47,48,49,50,51,52,53,54,55,56,57,58,59,60,61
NCF_201_R2256_imp_ch_flt1-45_flt50_rejectedarte_ICA_prep_rf_int,2.007762671,2.490888119,2.148370504,2.439635038,3.866255283,5.988573074,6.152590752,2.12011838,3.888592958,8.137019157,12.22590065,3.642198801,3.645319939,15.24287605,17.99344254,14.86026001,1.571791291,17.10949707,30.53951645,28.38117409,11.63871956,15.04225159,45.56060791,46.7828598,38.28912735,11.92554951,49.90988159,26.07920647,21.41730309,19.46565437,1.918567896,3.047441006,5.125090599,2.086809397,2.703601599,4.816582203,7.180060387,3.448122501,5.724118233,9.713952065,9.79551506,9.224516869,17.11848068,21.39490318,6.57383728,31.00180626,33.19805145,22.50387192,33.22585678,48.01663208,41.29923248,25.06879425,37.50900269,63.77060318,46.53591156,34.57884598,3.067177296,1.904564381,4.448788643,2.907927513,37.27626801,18.62260246
NCF_202_R2256_imp_ch_flt1-45_flt50_rejectedarte_rch_ICA_prep_rf_int,,0.823939621,,5.231180191,15.89597797,,,,9.920055389,21.84814644,17.65170097,4.930061817,,21.73455429,24.81168747,12.96492958,,11.47367859,25.69263077,22.40463829,7.843632698,5.138293743,24.8702507,20.7407074,12.28673649,0.495095104,9.73580265,3.466983795,2.947590113,2.578195095,3.479493618,11.34203911,,,10.93038559,17.16590118,,,20.67644691,21.57731438,12.23379517,11.59030914,26.95606995,19.66231537,5.459641933,22.78832436,23.71081543,14.37769794,12.84419823,24.31896973,16.44315529,9.09838295,11.22304058,11.32910824,8.014738083,5.8250103,,,,0.743932903,11.17124844,4.018922329
NCF_204_R2256_imp_ch_flt1-45_flt50_rejectedarte_ICA_prep_rf_int,0.457942456,0.588430762,0.53132993,0.63974452,0.777337313,1.198710918,1.148455262,0.401417881,0.518390834,1.978251696,2.430885315,1.03557992,0.279400229,1.628517866,4.127664089,3.810593843,0.684637129,0.501273274,4.929545403,7.343386173,3.404600859,0.421599209,4.372809887,9.668026924,9.226733208,1.307781816,4.34144783,1.506766796,1.182544708,1.487823248,0.757452726,0.686414838,0.606251717,0.363921881,0.772898912,1.051506162,1.234654665,0.639665067,1.093014479,2.500442743,2.072661638,0.500199139,3.358791828,4.387706757,1.767060399,2.69837904,6.406153679,6.00150013,1.50456965,4.382025719,10.89156532,4.569308281,1.509344339,1.509484172,4.31548357,2.959285259,0.51338613,0.524729848,0.28823489,0.856384516,1.50018096,2.973246336
NCF_205_R2256_imp_ch_flt1-45_flt50_rejectedarte_ICA_prep_rf_int,2.541801453,2.356795788,2.144071579,1.380919814,6.810533524,3.970391273,3.142448425,1.908054113,6.901519299,13.51977253,4.640607834,3.185080051,1.088146091,31.89225197,10.15867615,10.86251163,1.652604818,8.423072815,22.39828682,18.05768394,4.8850317,2.123719692,17.34270859,26.60634995,17.70991707,5.460223675,16.94532204,4.755392551,5.548766613,8.145293236,1.710135579,3.106332302,2.820415974,2.158178806,2.590755701,4.790090084,3.133654118,2.65986824,31.07851791,5.081589699,5.707708836,7.589116096,22.12105751,8.94784832,3.09339571,18.93487358,20.65349197,11.29012012,8.23573494,23.27803802,23.95107841,11.5850544,8.770340919,16.30628967,15.33477402,14.849823,1.456194043,1.08370018,1.091729045,2.637201548,5.987823009,11.24154282
NCF_206_R2256_imp_ch_flt1-45_flt50_rejectedarte_ICA_prep_rf_int,8.27347374,9.027207375,8.850296021,5.48541975,10.61128235,14.42117119,15.3026619,7.046968937,11.36183834,20.2228756,21.3076725,13.1323204,6.724180222,39.31492233,33.39251709,35.93544006,10.15069771,27.66836357,60.12324142,54.97513962,28.07758141,21.76224518,60.463871,67.60610962,63.87299728,32.38855362,58.52801132,27.63361168,27.19568443,32.93104553,5.953355789,10.54034805,11.82132149,15.20043373,7.209157467,13.04535198,15.84415531,10.06127357,20.25968361,19.2314949,24.85759735,22.86227417,40.93016815,38.65393448,19.33958244,53.72856903,57.06068802,50.2238884,41.54788971,60.49446106,67.07939148,52.20172501,52.36109543,62.27165985,74.09046936,64.02379608,6.404128075,6.939477921,9.804521561,17.1456356,27.47382545,35.23328781
NCF_207_R2256_imp_ch_flt1-45_flt50__rejectedarte_ICA_prep_rf_int,2.953179598,2.657606602,2.620179653,3.152635098,4.795478344,5.520514488,4.936836243,1.967655659,6.636433601,15.69147873,11.11176586,4.550375462,3.429162979,30.47026062,29.39898872,19.64112473,2.411770344,14.64946079,43.89134979,51.16965866,17.97230148,5.711001873,32.84626007,82.83167267,62.30368042,16.62374687,69.10832214,9.57059288,13.19799995,20.25613022,3.84257865,4.169231892,3.549589634,2.279925346,4.706791878,7.729435444,5.342337132,3.29228878,22.56032753,12.57285595,9.575586319,8.84965992,30.36319733,25.05895042,7.248587608,27.44701004,54.82545471,37.89721298,15.46260166,70.40859222,82.40035248,43.11024857,10.44809628,33.28153992,50.10628128,41.72522354,3.541676521,2.311346292,3.477628231,5.593868256,10.21757221,34.24273682
NCF_209_R2256_imp_ch_flt1-45_flt50_rejectedarte_ICA_prep_rf_int,1.61752975,1.861856461,1.893399596,1.461527348,2.909367085,3.605781555,2.57508564,1.033366442,1.519361615,2.905567646,4.190184116,,2.416366339,2.253019333,5.148709774,4.495735645,2.258020401,,4.254696846,5.789155006,5.376916409,,3.72032094,8.013586044,9.625304222,6.186702251,8.528543472,3.159674168,3.881934166,4.243360519,1.737671256,2.383058786,2.525909424,1.148153305,1.731509089,2.929045439,3.758960724,1.22839129,2.358943224,4.485969543,3.557122707,1.102211833,3.824843407,5.034695148,3.250458717,2.415627003,6.292607784,5.924631596,,3.800771952,9.093738556,9.145970345,2.155197382,5.329556942,7.477523327,7.350992203,1.573002219,,1.286097169,3.814153433,2.143507481,7.35171175
NCF_210_R2256_imp_ch_flt1-45_flt50_rejectedarte_rch_ICA_prep_rf_int,,,,1.191963673,4.471736908,1.499138474,1.535691381,,4.364091873,4.445790291,4.992917061,0.946507335,1.184455872,4.397483349,3.870331764,5.206417084,1.906625271,2.120510578,3.177145958,4.618708134,3.321686983,0.771499217,3.105875492,3.169379473,3.894955873,1.856835246,1.556244254,0.478385299,0.764586806,0.989385366,,,1.139665365,,4.248163223,4.488120556,1.406017423,0.998438537,4.406080723,5.104310513,5.177789688,2.125860691,3.256789446,4.241971493,3.140560389,3.635673761,3.881252527,5.011371613,1.342046142,3.156676769,3.809684038,3.027664423,0.666317582,1.500395179,1.339076877,1.328740835,1.192615509,,2.103831291,1.261547565,0.664893329,1.278552651
NCF_211_R2256_imp_ch_flt1-45_flt50_rejectedarte_ICA_prep_rf_int,1.216783881,1.550251722,1.100414634,0.884099722,1.933148742,2.484272957,1.862822294,1.90942657,1.65493989,3.642586231,4.54475069,3.679656982,1.674789667,4.673610687,9.986641884,9.739609718,2.441822767,3.599592686,11.76853657,17.73900223,13.81523895,2.861626863,12.34455872,22.38300323,26.22813988,4.29587841,20.76612091,5.135052204,6.154411793,3.762804508,0.902371466,1.867492676,1.563180685,3.207999706,1.906699419,1.962983727,1.964290738,1.773980618,2.693815231,4.363862991,4.307217598,2.152549505,7.966840744,9.74905014,6.189670086,8.584688187,17.30432701,19.38213921,5.471218109,16.05325699,24.65153122,14.25021935,12.05251884,16.27134705,15.77581978,9.529239655,1.127826452,1.990086675,1.672100544,5.614364624,4.825586796,3.872520447
NCF_212_R2256_imp_ch_flt1-45_flt50_rejectedarte_rch_ICA_prep_rf_int,,0.079042524,,0.469308525,0.251318365,0.304508358,0.38352868,,0.267325848,0.258855939,0.557303905,0.24596779,0.693400085,0.537252247,0.852979064,0.589643419,,0.836402237,0.735882282,0.750454545,0.28987658,1.02869308,1.062663198,1.133391857,0.846896827,0.347593635,2.846707344,1.005544543,1.006928444,0.38450256,0.205048352,0.237511873,0.188155934,0.307143569,0.205253333,0.240586475,0.38667655,0.211619079,0.298669308,0.543249488,0.539069235,0.581142843,0.639785826,0.690827608,0.274542153,0.878658116,0.712497592,0.667680621,1.053025603,0.307143569,0.937221825,0.381537735,1.087278247,1.096034288,1.1970644,0.382070392,0.861509562,,0.781797767,0.081572026,1.073538303,0.383104652
NCF_213_R2256_imp_ch_flt1-45_flt50_rejectedarte_ICA_prep_rf_int,1.208861947,1.302968144,1.137164593,0.696751893,1.615863442,2.127997398,2.02660203,0.758705258,1.516449094,2.582796335,2.400776148,1.68338871,1.442631602,4.926591396,3.98506403,5.659635544,1.516415,4.845008373,7.369746685,7.967294693,5.920436859,3.768744707,7.502759933,15.52595234,12.48397255,8.001522064,18.1084938,8.621317863,17.54215622,9.519377708,0.854775906,1.61222589,1.658740759,0.952416122,1.195603251,2.158233166,2.33485198,1.512298465,2.467152596,2.608895779,2.542874813,2.697477818,3.767089128,3.542512417,3.692819357,6.470060349,8.776010513,7.103088379,3.753728867,10.29039955,14.81487751,10.52711105,8.587539673,8.646699905,20.11462021,13.98077297,0.690550268,0.649641812,2.536694527,3.279000998,8.545669556,13.81162548
NCF_215_R2256_imp_ch_flt1-45_flt50_rejectedarte_rch_ICA_prep_rf_int,6.377129555,6.241617203,5.510647774,2.108502388,2.178355694,2.189411879,2.163746595,1.570130825,0.934242964,1.631559491,1.663719654,0.852827549,0.395896435,1.527333617,1.40807128,2.921174765,0.593951762,1.003098845,1.541952014,2.021125078,1.033014297,2.274643421,2.077958822,3.07545495,2.058486462,3.369782209,6.450298309,3.322845221,2.73071599,3.406250238,2.139435291,2.931967497,2.968084574,3.069262743,1.87644124,2.070894957,2.265849113,1.940724611,1.520645499,1.692625642,1.519662142,0.975617349,1.383931756,2.168379545,0.787476242,1.379549026,1.600925446,2.258575201,2.061267853,3.040446043,2.479638815,2.272226572,3.566524029,3.602256775,4.651941776,4.68888855,1.329484105,0.420689434,0.635254681,1.06569469,3.502163887,5.722551823
NCF_217_R2256_imp_ch_flt1-45_flt50_rejectedarte_ICA_prep_rf_int,5.879946709,5.43563652,4.017781258,4.420599937,8.670508385,8.582707405,6.662074089,3.276780844,4.523512363,16.20840454,18.19250488,8.518065453,8.773061752,30.57052994,39.4498558,45.58638382,9.289275169,30.96683121,79.89679718,84.16119385,44.86388779,9.056568146,98.86174774,108.8679886,98.29254913,31.82088089,85.4532547,45.71678925,27.86640358,29.43318367,4.483232498,7.571694851,4.99703598,3.152677774,6.060943604,8.694024086,7.010872841,4.484547615,15.92602444,14.16927147,16.36139107,11.86159706,37.60291672,42.99736023,19.40882301,63.842659,79.20217896,69.28044128,65.31589508,118.7984543,94.64723969,76.5353775,44.91906738,113.0749817,85.48255157,65.11258698,4.490045547,5.778323174,8.822200775,16.11252594,44.65897369,32.45605087
NCF_220_R2256_imp_ch_flt1-45_flt50_rejectedarte_ICA_prep_rf_int,1.989829183,2.335217953,3.076015472,6.078550339,3.681247473,4.045162678,4.681360722,3.304777145,5.392656803,5.087145805,5.180213451,4.492120266,5.878493309,6.962357044,7.291857243,7.837893486,2.791999102,6.54838562,14.75048542,15.23064327,11.3782835,9.932379723,27.8290596,39.04182053,30.65167046,20.65171432,35.32054138,16.72929955,10.93033028,11.27075291,2.873045683,2.986963272,4.011160374,3.462611198,3.710621834,3.827889442,4.673799515,4.069667339,4.684800148,4.807059765,5.191092968,5.32053566,7.806152821,6.967102051,5.92731142,13.19372463,18.13355446,13.60746193,20.28861237,35.20301056,33.63136673,31.26539993,36.24590302,38.72758865,30.26333046,21.70999146,6.902831078,3.332699776,3.046294689,4.999186039,19.65968323,21.69846916
NCF_221_R2256_imp_ch_flt1-45_flt50_rejectedarte_rch_ICA_prep_rf_int,0.150009453,0.168670416,0.15431571,0.110462397,0.26526168,0.267534852,0.208011225,0.18686384,0.201417714,0.326174974,0.242860302,0.096683763,,0.360955864,0.391760707,0.154383793,,0.258790612,0.504303396,0.363912106,0.223968804,0.754363418,0.544260561,0.800089359,0.932973444,0.87581706,,1.280193806,1.672204494,3.895168304,0.150676638,0.217207789,0.169775516,0.248343185,0.222260967,0.265639931,0.238875225,0.229205117,0.277470946,0.321428478,0.338290632,0.203542992,0.450544,0.239461765,,0.459845603,0.537842393,0.368129849,0.387804717,0.647680759,0.77089417,1.475262046,0.899927199,0.90057689,1.913482428,3.311096668,0.10941302,0.139972195,0.166389391,0.099056289,1.11150527,3.358298063
NCF_222_R2256_imp_ch_flt1-45_flt50_rejectedarte_ICA_prep_rf_int,1.303023338,1.265396237,1.314821839,0.565038323,1.618305087,2.423095703,,0.615666866,0.356273204,,,0.906632721,1.04158771,3.053276062,,3.135425091,0.578459978,6.102597713,5.079794884,2.356767178,2.145389557,4.19528389,9.673211098,5.457825184,4.043072701,1.951475143,5.943811417,4.419671535,3.328568935,2.986706734,0.909806252,2.471045971,2.142386198,0.913487971,1.589441657,2.274071455,2.076484919,1.416833282,,,1.426852226,2.16075182,0.793912232,2.387546301,1.552866817,8.54313755,2.549034119,3.802561998,8.203134537,7.544082165,4.171844482,3.914395332,6.869371414,9.080370903,4.811971188,4.54845047,0.278159171,0.533360124,2.335802078,0.777039528,6.812824726,3.417684793
NCF_223_R2256_imp_ch_flt1-45_flt50_rejectedarte_rch_ICA_prep_rf_int,0.640572071,0.785676897,0.603602171,0.308361202,0.516470373,1.15101552,0.473615944,0.344514728,0.813875854,0.564134538,0.537745416,1.179555178,0.563390315,3.404210567,0.204977527,2.841915846,1.3481493,3.352054358,1.458374739,1.239755273,2.861169815,1.17361176,2.139594316,1.339180708,1.92864418,1.717777371,1.107108831,1.23403275,1.077269316,1.47012639,0.347662121,0.664428592,0.814057648,0.536171734,0.364007264,1.011867762,1.095179796,0.613274753,0.819110036,0.946441531,1.071699977,2.99055171,0.818297088,0.912188232,2.707199097,3.0888381,0.826006353,2.255330324,2.169916391,1.883243799,1.384220243,2.140736818,1.182101488,1.3302598,1.584162951,1.782149911,0.381911993,0.4643583,0.968945563,1.28328371,1.166677952,1.648277521
NCF_224_R2256_imp_ch_flt1-45_flt50_rejectedarte_rch_ICA_prep_rf_int,2.173624516,2.638885021,2.743691444,,,5.497840405,,2.074235439,1.017995,,6.726030827,3.185614824,0.465723217,3.743974209,6.172655582,5.186113358,1.302792549,2.324406862,4.399233341,6.784809589,2.859148979,2.445965528,4.78905344,10.02134991,5.1899333,1.499939561,7.37706089,1.94037509,1.83911109,1.627462506,1.521591306,,,1.793656707,1.548790336,,,1.824492931,,6.831099033,5.526369095,,4.377967834,5.892798424,2.858932257,4.181729794,7.343028545,5.471830845,5.52990818,9.942583084,11.69097519,4.063987255,4.200333118,4.218994141,5.154272079,4.087200165,,1.644629121,2.987053394,1.338160634,4.175352573,3.971994638
NCF_225_R2256_imp_ch_flt1-45_flt50_rejectedarte_ICA_prep_rf_int,17.85742188,18.92947578,17.6698494,12.57818604,22.61815262,25.33062744,21.17231941,12.87755394,13.81441593,28.02525711,21.02511597,16.01637077,10.5615263,27.70900154,50.714077,51.94155884,10.43544579,17.94478035,111.3745575,112.5175476,38.62283325,29.71334076,121.5954208,125.2438354,88.99441528,43.55215836,90.50892639,32.9883194,87.38920593,53.46954346,14.4240303,21.56047058,20.92088509,17.54979324,17.1178875,22.91594315,23.39304352,14.39021969,20.68123055,28.04348373,24.48082542,12.22891808,49.54610443,52.95299149,20.84305,51.98768997,112.9851303,86.89948273,24.06075287,123.2899857,155.034729,85.18389893,37.63847351,89.0891037,88.40117645,85.75475311,9.922122955,8.327483177,15.91469765,28.68448639,37.2830925,82.22663116
NCF_226_R2256_imp_ch_flt1-45_flt50_rejectedarte_ICA_prep_rf_int,3.482207537,3.736897945,4.710678101,4.667521477,7.130308151,5.141492367,6.883208275,6.501811028,4.739228725,5.261805534,8.777705193,7.463710308,3.476503611,7.767200947,10.12660217,15.94417381,8.288057327,7.052330494,17.4782753,28.48574829,23.9438324,9.774067879,20.33311272,37.46199417,40.66265488,30.63868332,35.2313118,17.62636757,14.36108589,14.37133312,4.293491364,4.86022234,5.689011574,5.108022213,5.644290924,5.793080807,6.025603294,6.425265789,6.416593552,5.949643612,9.218557358,5.371607304,9.062539101,14.5160532,11.75857639,13.00438118,24.07168961,28.75094986,15.71520233,26.96025467,42.33098221,42.18432999,22.82424355,25.99614716,39.62539291,33.14803696,4.462767601,5.72008419,5.297985077,13.46012592,22.63786697,20.33357048
NCF_227_R2256_imp_ch_flt1-45_flt50_rejectedarte_ICA_prep_rf_int,6.33700943,6.518125057,5.068742752,3.632065535,9.638669014,10.9805584,10.16553116,4.384670258,7.825563908,15.55986595,18.65078735,9.97284317,4.367059708,21.09254074,25.96496582,23.90847015,4.424555302,19.09861374,40.59220886,40.1775589,17.3489418,17.66149139,47.49315643,76.98483276,46.40543747,12.28610039,71.8249588,28.32959175,16.49633789,14.68692017,4.843423367,7.300181389,8.115005493,5.049050331,5.766412258,9.72682476,11.90176487,10.11384773,12.6395731,16.48239326,13.98545074,11.99419689,24.02457237,29.18639565,11.45142269,34.31726837,44.60184479,37.84572601,33.15493774,64.59705353,63.0981636,30.46485138,33.53369904,63.59234619,33.6183548,33.28358841,3.797002792,4.448107719,6.920378208,6.736766338,33.22794724,32.99329376
NCF_228_R2256_imp_ch_flt1-45_flt50_rejectedarte_rch_ICA_prep_rf_int,2.405610323,2.118739605,1.965298533,1.842783093,2.269636393,3.103454113,2.564512491,1.450318336,1.792478919,1.963849306,2.713354826,1.35041523,1.697845101,1.927387238,2.599812746,3.106264353,1.082592487,1.073221087,2.067882299,4.197619438,1.896197081,2.478578091,4.904680252,6.582862377,6.204827309,2.505181551,8.632344246,5.566594601,4.405047417,6.22479248,1.839970827,2.416526079,2.265696049,1.690659761,2.223700762,2.351447344,2.65340519,1.847468257,1.967898965,2.986683846,2.177438974,1.012453556,1.935770512,2.739752769,1.577639103,2.070804358,3.707500458,3.888241053,2.947286367,4.902697086,6.137999535,4.940672874,6.214182377,6.259229183,7.988458157,7.566108704,1.798936963,0.846119404,0.991962612,0.725116551,6.189571381,5.436205387
NCF_229_R2256_imp_ch_flt1-45_flt50_rejectedarte_rch_ICA_prep_rf_int,0.391205519,0.452152163,0.422126353,0.091008283,0.671942472,0.82061255,0.822064579,0.3180691,0.097521283,0.488070428,0.805790722,0.524112105,0.091172777,0.272296935,0.149563998,1.568046451,0.333011448,0.504227161,0.470489353,0.680836856,0.701819181,0.308960408,0.674705744,0.494656891,0.386338413,0.361666411,0.602192581,0.362534404,0.282213032,0.172662705,0.218849555,0.672987163,0.826543987,0.319568664,0.666961253,0.879439831,0.820974946,0.323499054,0.485486805,0.799062669,0.800201595,0.335744262,0.26740995,0.66579324,0.816194773,1.063110232,0.185307458,1.273591757,0.656678855,0.829576015,0.377033532,0.36368534,0.670318961,0.677906275,0.377527982,0.362412006,0.091899663,0.306731939,0.093645848,0.168488353,0.66143018,0.363923132
NCF_230_R2256_imp_ch_flt1-45_flt50_rejectedarte_ICA_prep_rf_int,0.701945305,0.623469472,0.657053232,0.586722016,1.17424798,1.507664442,1.05649817,0.47521773,0.833441377,1.740215659,1.565467715,0.572795689,0.41224134,1.210555911,2.241760969,1.645782709,0.420660675,0.750855327,2.439929247,3.143497705,1.670502305,0.863000512,2.887154102,3.014830589,3.89722085,1.955476642,6.823076248,2.303740025,2.837027788,2.171097279,0.666064501,0.97159189,1.112330317,0.563317776,0.682166815,1.477445006,1.123332977,1.049973726,1.255419135,1.892046452,1.021421313,0.683577359,2.066581249,2.195086718,0.76837492,1.705815315,3.264884949,2.804652214,0.869968772,2.929935455,5.077439308,3.962667465,1.889769912,1.960428715,4.879094124,4.764732361,0.473318875,0.581675947,0.367358714,2.069175005,1.876405954,4.630615711
NCF_231_R2256_imp_ch_flt1-45_flt50_rejectedarte_ICA_prep_rf_int,4.011151791,3.643636703,2.895746946,1.218423128,1.113993287,2.695370674,1.728052974,0.802567959,1.092318535,0.710930824,1.417455077,1.313460588,2.183686018,2.753544807,2.284802198,3.950690269,0.909420013,3.852857113,2.727498293,3.446213007,2.847266912,1.965072513,3.510955811,3.965025425,4.596473694,1.084831238,2.731894016,1.608982563,1.230093122,1.445727348,2.783312082,1.129274249,1.907796621,2.00523138,0.771273375,1.134541273,1.7358253,1.138939261,1.09608674,1.295140862,2.263379335,2.756966114,1.16130507,3.046289682,2.026031733,2.816680908,3.568294048,4.227682114,3.211770296,3.469373703,3.807812691,3.378077745,1.610908866,1.631412029,3.388458729,3.379196644,2.672455072,0.615743577,2.675871849,0.889275134,1.593761444,2.8360219
NCF_232_R2256_imp_ch_flt1-45_flt50_rejectedarte_ICA_prep_rf_int,0.307557017,0.213469952,0.162097171,0.130089879,0.342094541,0.242955059,0.117437489,,0.350239158,0.398728549,0.256015331,0.16432029,0.219703704,0.626922727,0.561077595,0.537522256,0.091057658,0.42415446,0.785148025,0.802375853,0.470073551,0.371745259,0.661107838,1.023800254,0.896765411,0.434852242,1.162862897,0.451699942,0.54850316,0.41850391,0.119962305,0.261867583,0.167436719,0.069309719,0.266014904,0.281446278,0.16582875,0.080814213,0.425425172,0.250155389,0.256096929,0.443529457,0.604731977,0.542103648,0.107574783,0.608323753,0.990703225,0.6810022,0.48592025,0.94515425,0.99545753,0.670636952,0.486235619,0.922783911,0.714722097,0.716831088,0.193740174,0.104979001,0.231322095,0.213140041,0.423792392,0.717895329
NCF_233_R2256_imp_ch_flt1-45_flt50_rejectedarte_rch_ICA_prep_rf_int,3.180891752,3.252177,2.7094419,2.723199844,4.492625713,5.330350876,2.193038702,2.047663212,3.634805441,6.46769619,4.951197147,1.948566556,1.967658162,5.852179527,8.01977253,3.120492697,0.740766346,4.346868038,9.923743248,8.274240494,3.025961637,4.44386816,10.67516518,16.55641937,10.98650742,8.801621437,16.53055191,8.576813698,7.935395241,9.226016045,3.471541882,4.656013489,3.486915112,2.075494528,3.875949621,5.301229954,4.858027935,2.088027,5.630676746,6.020513058,3.975824356,3.462196589,7.117424488,5.937605858,1.401468396,8.20054245,11.38438225,5.608041286,7.709819317,16.37034035,14.28787994,12.44280434,12.25970268,12.37619495,19.3080883,17.76784706,2.879919052,2.006134272,3.354945898,0.730840325,12.13423824,17.81933212
NCF_234_R2256_imp_ch_flt1-45_flt50_rejectedarte_ICA_prep_rf_int,4.693995476,4.268844604,4.596362591,2.967381477,8.945958138,10.35574245,6.065430641,1.944598079,5.08425808,14.30758476,10.64752579,2.820190907,2.341748714,11.6886425,15.60068321,8.504640579,1.210599184,9.67138195,16.78196716,13.25112724,5.965065479,4.614545345,17.4341259,19.04849434,13.28983784,5.012886524,14.09382915,7.467069149,6.020881176,5.356936932,3.597667456,7.28597641,5.147759438,3.363573551,5.726397514,10.9565506,8.611436844,3.050749302,10.73880959,14.43380451,6.620482922,5.988729477,14.66757488,11.02347088,4.270449638,16.68801117,16.39072418,11.92361259,10.81408596,20.21840668,16.01932144,8.082876205,9.616278648,13.97985268,12.02376366,8.031863213,2.129889011,1.221213341,2.434293747,2.232111692,7.098024368,6.623063087
NCF_235_R2256_imp_ch_flt1-45_flt50_rejectedarte_ICA_prep_rf_int,11.95501614,12.84041786,12.73527718,7.435240746,16.63088417,23.45276642,21.59322548,8.919930458,11.81299877,26.5053215,30.05089569,13.94146442,5.122697353,37.00613403,28.4114666,37.14381027,6.129486561,25.15379143,46.53948212,48.01781464,21.761343,36.66389084,37.42272949,53.80784225,47.36696625,35.16530609,61.73261261,38.96223831,22.65804291,45.40356064,7.836149216,17.22179413,19.30376625,12.886199,16.49069977,22.1817112,22.87971878,15.82528019,24.75735283,27.13721275,22.42150497,15.18343735,33.33439255,32.37522888,14.03505802,44.10839081,44.92002487,45.19403458,36.80669403,41.83547592,47.68302536,36.10725403,37.20627213,41.39532089,47.78100586,49.66320419,7.424296856,6.089736462,9.436015129,9.295427322,37.12142563,49.67809296
NCF_236_R2256_imp_ch_flt1-45_flt50_rejectedarte_rch_ICA_prep_rf_int,0.127042636,0.100905776,0.109850816,,0.155033156,0.203470781,0.144815713,0.112735823,,0.221398637,0.186088756,,,0.137759313,0.299586385,0.172843948,,,0.325960279,0.431613773,0.143570796,0.073217817,0.41968143,0.824635684,0.670910597,0.261590123,1.822657824,0.767334282,0.867779553,0.82042104,,,0.101522453,0.127541512,,0.158661544,0.187114567,,0.129566118,0.25681138,0.156642646,,0.238089457,0.260616541,,0.234379366,0.487137467,0.32565403,0.218520239,0.57660526,0.859353125,0.444455773,0.494793445,0.498111516,1.282302022,0.751847565,,0.092120752,,,0.492654592,0.684017658
NCF_238_R2256_imp_ch_flt1-45_flt50_rejectedarte_ICA_prep_rf_int,5.782346249,6.756362438,7.192798138,2.102826595,5.154812336,6.785867691,7.056865692,4.250635147,1.813278794,6.081788063,7.21561861,5.043745995,5.226107121,2.165580034,6.14840889,6.195945263,3.774330139,1.000804782,3.539496899,5.560156345,5.892663956,5.509794712,2.408316851,4.407384872,6.538523197,22.35582352,4.562763214,11.91082859,5.707182407,3.71668148,3.863093376,6.01825428,6.27593565,5.008676052,5.095006466,6.446149349,7.061139584,5.132582664,3.827479601,7.03174305,6.381232262,1.54309845,4.740471363,6.996306419,4.949026585,1.266213655,5.197240353,7.894146919,3.344147921,3.039550781,5.625659943,6.677583694,9.071203232,9.126466751,6.451293945,6.461409569,2.518588781,3.969035864,7.003493786,5.043657303,9.025209427,6.483131886
NCG_301_R2256_imp_ch_flt1-45_flt50_rejectedarte_chr_ICA_prep_rf_int,,0.779455125,0.893842101,0.706020474,0.707579792,1.489639878,1.618916154,0.751644552,0.709626794,1.218646288,1.787147045,0.938860536,1.305608988,,1.412986636,1.489858031,0.432718158,1.2083112,0.676449537,1.17778492,0.627926052,,,0.556000888,0.574118316,0.233241528,0.202472746,,,0.181427181,0.125796333,0.156543091,1.465366721,1.386544585,0.70039326,0.64090246,1.617463708,1.616635561,0.157929882,1.569150925,1.73355782,1.210955501,0.984311938,1.60481286,0.886776984,,1.044350624,1.201991081,,0.206351697,0.611297369,0.394462347,,,0.233018652,0.232516438,1.340337038,0.432813883,1.233772635,0.188793346,,0.222173035
NCG_302_R2256_imp_ch_flt1-45_flt50_rejectedarte_ICA_prep_rf_int,1.657176256,1.767781854,1.352252364,1.007949829,1.016547561,1.544887543,1.33635664,0.989693224,1.016987681,1.570002079,1.697479129,1.195758462,0.622170568,2.739993095,2.443160772,3.228505135,0.870679796,2.802086353,2.812139273,4.360424042,4.823234558,0.816049576,2.843200207,2.881720781,8.383733749,8.366464615,7.645458698,2.046178341,3.479042292,3.495464563,1.218539238,1.022063732,1.605852008,0.991389692,1.011028767,1.364226818,1.421941876,1.336857319,1.332141638,1.623590589,1.541882038,0.904699445,2.756624699,4.361178398,1.972472668,2.81299305,2.901013374,4.368832588,2.82331419,2.846162081,8.304629326,8.353197098,2.849613667,2.850060463,8.361933708,8.346849442,1.003330231,0.866893172,0.818173409,2.007009029,2.710078478,8.34095192
NCG_303_R2256_imp_ch_flt1-45_flt50_rejectedarte_chr_ICA_prep_rf_int,0.603239059,0.789291382,0.83365494,,1.137549758,0.896772444,1.199308395,0.590244055,0.882684171,2.122862816,2.054853201,1.35812664,0.265589178,2.383466721,3.050816774,2.986519098,1.611143112,1.766982079,4.319891453,4.092039108,2.403318882,2.687673092,4.245405197,6.310069561,4.460647583,1.43892169,3.512259483,1.334914327,1.195084095,0.901097596,0.583593369,0.875078976,1.01603353,0.731999576,0.617044747,1.397349954,1.441358685,0.797766268,1.881456375,2.408114195,1.851881623,1.447549462,3.162170649,3.035692453,1.713068247,4.073225021,3.88175416,4.356102943,2.696162224,4.771690845,5.085701466,2.115502357,2.718754053,2.746997833,2.726851225,1.960375071,0.27878648,0.750952899,1.881462097,1.66605103,2.692518711,1.381661296
NCG_304_R2256_imp_ch_flt1-45_flt50_rejectedarte_ICA_prep_rf_int,1.05662477,1.667306781,2.288439274,0.551870108,0.782487333,1.229497552,0.842910826,0.360102981,0.662716508,1.189838529,1.146203756,0.326205254,0.561514795,1.214800358,1.526361108,1.583355904,0.366341203,1.184129953,2.47200799,3.224292517,2.026813745,1.540138006,2.947930098,4.744458199,6.373103619,3.823073626,4.708673477,2.120814085,2.903214931,3.822630882,0.979087591,0.95844394,0.65388906,0.867275357,0.581244946,0.951153576,1.136662245,0.781156659,0.96833086,1.222693682,0.920686722,0.651049614,1.54466939,1.831778169,0.662840366,1.97785902,2.745198965,1.913473248,1.552598834,3.711712122,3.566365004,7.151471138,2.765233517,2.824911356,7.56434536,7.557986259,0.553130448,0.354710579,0.459692985,1.12698698,2.743784904,4.49306345
NCG_305_R2256_imp_ch_flt1-45_flt50_rejectedarte_chr_ICA_prep_rf_int,0.354704082,0.350630999,0.331819266,0.269027025,0.318289667,0.354115248,0.288499862,0.253657758,0.251932204,0.366866171,0.181589499,0.126684248,0.137663856,0.815718114,0.47893098,0.33749491,0.219003856,0.449398428,1.356517076,1.579195499,1.090180159,0.904384255,3.238114595,5.707143307,7.81551218,1.174940705,11.38873959,3.752034664,6.424636841,5.145036697,0.11987891,0.550773799,0.382477343,0.41668424,0.226969883,0.325233608,0.29215008,0.273588896,0.344355166,0.273741364,0.421503156,0.270920575,0.622060895,0.441934407,0.159133613,1.309019446,1.486730218,1.579365611,2.607292175,3.834457636,7.708486557,7.717900753,4.741554737,4.805767059,7.759689331,7.773772717,0.195656538,0.091711432,0.23755911,0.167136714,4.686267376,7.77373457
NCG_306_R2256_imp_ch_flt1-45_flt50_rejectedarte_chr1_ICA_prep_rf_int,4.00360775,4.841070652,4.195344925,2.781861305,7.332941532,8.309773445,5.411103725,3.138278008,4.491858482,9.267138481,8.513427734,8.366480827,3.164572001,12.44608021,15.04652119,21.3519001,9.099575996,12.89293385,21.74776649,28.63965988,24.36454964,7.741701126,21.50510979,30.22232056,38.04950714,24.24352074,26.01564789,13.96584129,13.50491142,13.05619526,3.01247263,6.355118752,5.334690094,2.289654255,4.797729969,8.36934185,7.07522583,4.338448524,7.23901701,9.845582008,8.26198864,7.172245979,12.38375378,17.87292099,13.10851574,19.32284927,20.85429764,31.66959381,13.44432163,21.76503372,29.99720764,34.85917664,16.98694038,19.3210125,28.44893074,28.22412872,4.082730293,7.511183739,5.266401291,14.8568573,16.3990097,28.28039742
NCG_307_R2256_imp_ch_flt1-45_flt50_rejectedarte_chr_ICA_prep_rf_int,0.608251572,0.381484807,0.335779339,0.108965948,0.257968128,0.387748122,0.280898482,0.161854446,0.192732483,0.138734058,0.235417172,,0.189344019,0.173368186,0.752941072,0.174539834,,0.215394348,0.631857753,1.02670908,0.208571151,0.845413983,1.127288103,1.830628395,2.217586756,0.765183449,4.054848194,4.868704319,5.745006561,5.487777233,0.411212385,0.38957417,0.298094571,0.212539837,0.138438225,0.279190153,0.342032075,0.192184359,0.11088752,0.338009298,0.176122442,0.45623368,0.307578593,0.440695882,,0.421475798,1.138814211,0.593008459,0.951035142,1.289749146,2.211207151,2.120656013,3.294436455,3.277037382,4.877124786,4.876713276,0.125978708,0.101405442,0.240484253,0.22469236,3.31663537,4.127259731
NCG_308_R2256_imp_ch_flt1-45_flt50_rejectedarte_chr_ICA_prep_rf_int,1.028170705,1.392888784,1.486064315,0.930502534,2.220761061,2.508930922,2.32724905,1.070376396,1.342616796,3.035480976,2.963549852,1.198380113,0.531586051,2.235654354,4.690227985,2.659292698,1.200416446,1.001124144,5.252536774,4.855041981,2.734256506,1.453428745,5.90440464,12.12855625,9.701050758,4.182311535,20.29358673,7.18626833,8.693606377,8.648926735,1.283645272,1.946670651,2.390222073,1.235500097,1.607959747,2.470465422,2.33968997,1.343240261,1.950661778,3.362733603,2.890938997,0.955265105,3.642691135,3.753166914,1.268498421,3.112720966,7.325567722,4.809380054,3.059750795,9.613097191,9.893434525,10.77378941,6.541018963,6.60918045,16.089468,10.79417419,0.879424274,0.832765222,1.187623024,2.149824619,6.494353294,10.85820103
NCG_309_R2256_imp_ch_flt1-45_flt50_rejectedarte_chr_ICA_prep_rf_int,20.43996239,19.57341576,17.60302925,16.75836945,17.02704811,30.48060417,21.70623207,15.23787212,18.96227837,31.1794548,31.2094059,13.60962486,10.53884888,34.23865891,45.35165787,24.17590141,17.507267,37.14910889,54.58337402,61.27824402,46.23267365,91.51834869,84.6219635,155.4451904,123.3863449,78.94882965,212.7066498,83.71807098,71.93073273,84.70523834,16.79606819,24.55908012,21.4659996,14.51940918,16.82332993,29.39156532,27.95240593,15.14051151,26.75260162,35.02710724,17.30952454,19.31145668,37.3875351,34.86368179,18.73319244,44.71893311,73.97953796,48.98323822,83.01971436,78.34133148,141.602356,133.7575989,94.83613586,96.21784973,218.7911377,185.6783447,10.44124794,17.83847427,47.38461304,43.69413757,93.33201599,118.270256
NCG_310_R2256_imp_ch_flt1-45_flt50_rejectedarte_ICA_prep_rf_int,7.729363441,10.24298286,9.933543205,3.306569338,4.732199192,13.49882889,9.172210693,4.300674915,5.388985634,3.983421087,6.071855068,4.51321125,10.83509827,20.36823463,7.673436165,14.26669216,5.67376709,15.14015675,14.93145752,15.47261333,10.65974903,15.53272343,21.52936172,19.54443741,14.91193771,7.308453083,21.92279434,15.66246414,8.914264679,9.05235672,4.564097881,8.399380684,12.0494957,7.619931221,3.053376198,9.348741531,9.280973434,7.520936012,4.434727669,8.592570305,6.010218143,13.51994038,7.792775154,11.34230709,8.586441994,18.2652607,14.57123089,16.95518112,22.72608376,19.9370594,17.71908379,11.54026318,24.80433464,25.03886414,19.76265907,17.58643532,6.848984241,3.958149195,9.465572357,6.048692703,24.59474945,10.35258007
NCG_311_R2256_imp_ch_flt1-45_flt50_rejectedarte_ICA_prep_rf_int,1.816708922,1.718520284,1.366124034,1.341785789,2.519561291,1.851425409,2.052917719,0.60407877,1.477175593,2.588909626,2.417707682,1.327153683,1.831968665,3.958561897,3.889476061,3.338872194,1.022634387,2.022754908,4.951282978,3.574651718,1.41838336,1.115458846,3.383032322,3.439569712,2.031860352,1.990976334,2.123878956,1.183907509,0.973011374,1.01403594,1.501984119,2.066207409,1.442527652,1.384090424,2.056818724,2.069932699,1.742366672,2.034537554,1.646262646,2.355402231,2.116097927,1.382501602,3.925564289,3.604231834,1.041908622,4.583567142,4.715126991,2.514939785,2.878102779,3.384320736,3.391675949,2.004508495,3.036596775,3.08351016,2.010549784,2.007714748,1.289837003,0.603111923,1.654938221,0.52571702,3.013252974,2.008765221
NCG_312_ER2256_imp_ch_flt1-45_flt50_rejectedarte_chr_ICA_prep_rf_int,,0.13801147,,,0.307480335,0.321686774,0.291665852,,0.285627544,0.359297484,0.551527143,0.225569293,0.343132287,0.567321539,0.723950982,0.721187592,,0.353209227,0.837269187,0.86752063,0.396786422,,0.541186392,0.688953876,0.507672071,,0.397225946,,0.130418241,0.096601635,0.163028508,0.306411207,0.200543448,0.134878799,0.305148393,0.357329339,0.322924644,0.221001178,0.361709923,0.519851029,0.446788251,0.254100651,0.790006161,0.779410958,0.375794142,0.65509367,1.000673771,0.747296691,0.334054619,0.728417873,0.541369915,0.290054888,0.275130212,0.275677651,0.378053039,0.228474617,,,,,0.272287637,
NCG_313_R2256_imp_ch_flt1-45_flt50_rejectedarte_chr_ICA_prep_rf_int,4.986224651,4.956560135,4.798326492,2.035412788,4.372738838,5.667346954,4.043920994,2.073029518,3.142285824,6.140555382,5.079116821,2.382384539,4.02693224,10.67826557,11.17255974,9.690355301,1.42133069,6.743724823,15.83266544,17.11427307,6.796102047,3.473167658,16.83795929,29.80668449,25.63949394,2.549816132,13.35097504,4.039996147,3.25828433,4.380021572,4.010266781,4.681046009,4.518894672,3.38642025,4.341026783,4.450019836,5.070475101,3.137064934,5.600301266,5.686114311,4.450500488,5.177975655,11.13870716,10.25835609,4.010535717,13.44599819,17.72655106,12.76512623,11.05960464,25.21124649,25.30929756,14.28689194,12.37471962,18.17759514,24.65126419,13.70274734,1.475444555,1.323739648,5.281598091,1.892510056,5.190266609,5.543845177
NCG_314_R2256_imp_ch_flt1-45_flt50_rejectedarte_chr_ICA_prep_rf_int,6.380703926,6.19308567,5.599682808,5.514949799,12.13155174,13.40981865,15.26641655,11.08606815,8.091646194,14.48305416,25.36037827,14.19088078,7.354737759,28.65692711,22.37413025,60.67907715,3.855346203,50.79240417,48.21206284,40.54584885,19.59847069,27.02627945,52.05716705,45.14221954,36.38214493,24.84697914,48.74756241,28.01451683,29.31696129,32.74699402,7.61234045,9.120944977,9.599356651,10.11294842,5.787951469,12.21818066,15.3034687,9.841783524,13.48620224,19.6655941,29.28009415,25.95539284,19.72108459,35.38981247,22.6936779,63.215065,27.12578201,46.82733917,50.43222809,64.09131622,44.20404053,35.59188843,25.74915504,53.61736298,38.327034,38.12970734,4.178920269,12.50407028,15.21524048,6.806056023,25.52503395,38.1067009
NCG_315_R2256_imp_ch_flt1-45_flt50_rejectedarte_chr_ICA_prep_rf_int,0.616178751,0.676331878,1.000350118,0.546448827,,,0.952349007,0.395821929,1.075994253,,2.246805668,0.877875566,3.264359474,4.043527126,3.247076273,6.270380974,2.097168446,8.298582077,6.925719261,7.717852116,5.227582932,8.437351227,11.79209995,9.304169655,10.47132111,3.935854435,7.641881943,7.115334988,3.516794682,4.558044434,0.61982286,0.87352556,0.830639362,0.732961297,,,,0.574580252,,,2.157547951,3.241289139,3.474290848,4.964806557,2.086112022,8.283691406,6.672562599,8.021419525,11.66178799,10.30033875,10.5002594,8.90288353,12.99605465,13.06453419,10.85739231,10.90161705,0.743950129,1.310160041,4.005609512,1.789901733,12.96258354,6.828203201
NCG_316_R2256_imp_ch_flt1-45_flt50_rejectedarte_chr_ICA_prep_rf_int,0.906107008,0.743503392,0.54640305,0.512949824,2.043780804,2.747136831,1.242379785,0.345898718,1.780498028,4.226891994,2.922252417,0.506442249,0.817266345,7.122907639,7.957258224,2.954595566,1.387030602,5.563563347,15.8699398,8.850140572,2.5259583,5.257008553,14.4299221,17.8122406,6.745853901,1.11664176,6.9325881,3.72347331,2.644543409,2.188567638,0.645499229,2.031188488,1.08708787,0.405416071,2.01820612,2.066647053,2.069187641,0.602538884,4.104877472,4.76188755,1.270628095,7.086747646,9.662928581,4.857069492,1.361932993,15.28173065,17.35915565,5.108772755,5.334105492,14.49209976,7.759497166,2.780086994,7.349703789,7.439946175,4.381937504,2.080028296,0.513279498,0.976702511,1.055506945,2.103850126,7.32445097,2.082478046
NCG_317_R2256_imp_ch_flt1-45_flt50_rejectedarte_chr_ICA_prep_rf_int,4.733189583,4.591841698,5.00388813,2.857983112,6.915607929,7.934675217,7.365938663,3.272669554,5.539037704,11.48479462,14.77523518,6.214160442,3.23134923,16.85469055,26.83527184,22.76969337,8.272288322,14.8020668,37.90756607,50.52653503,16.22776794,10.10244942,36.0982666,73.55898285,56.67800522,23.40412903,101.123764,50.8611145,51.2025032,59.08527756,4.162132263,5.955775261,5.814652443,3.853728533,5.39015007,8.299341202,7.384325981,5.258024216,10.17120647,12.05008125,11.14767361,8.383304596,21.54027939,25.34489059,7.305597305,36.62626266,52.44382477,39.43597794,19.53093719,50.09780121,67.04166412,43.22800064,39.51990891,46.96226501,89.58817291,84.98934937,3.030873299,2.543028831,3.400019646,15.63059807,34.33806229,46.20305634
NCG_318_R2256_imp_ch_flt1-45_flt50_rejectedarte_chr_ICA_prep_rf_int,6.993867874,5.412846088,4.584886074,5.338083267,4.422415733,6.027420044,5.342072487,4.179941177,2.631500244,5.07752037,7.109991074,10.86885357,1.711824059,11.43561077,11.45920467,19.82091713,5.008863926,11.24077129,17.58896828,23.42608452,19.86410522,8.765063286,25.81412888,30.86239815,32.83921432,13.77993011,26.56954956,15.12023354,7.318491936,7.201242447,6.273498058,6.493964195,4.681596756,4.60687685,4.621762276,6.037023067,5.553781986,4.149773121,4.186768532,5.895048141,12.09414196,5.478564739,10.02716541,13.11049938,16.49726486,18.46204376,22.24405289,26.38567924,19.62305069,25.68193245,36.93223572,30.03013992,23.23636436,23.58630562,31.60522842,30.70084,1.75407815,4.650109768,3.639713287,8.196767807,23.06168365,29.97706413
NCG_319_R2256_imp_ch_flt1-45_flt50_rejectedarte_chr_ICA_prep_rf_int,3.282443523,3.697780132,2.835147619,2.871557951,6.518918991,6.656264782,5.247134209,2.684117079,6.540542126,11.71390533,10.2442379,4.267879963,3.973594427,20.71203804,17.5904007,14.60785007,1.910665989,19.99491882,33.89683533,27.33907318,14.78273582,20.85057259,49.13668442,50.06101227,47.43447876,22.68404198,57.32872772,25.28635025,17.15454292,24.56145287,5.336669445,4.01500082,4.679397106,2.706035376,3.848068953,7.375534058,6.73393631,4.110188007,9.379237175,9.827576637,7.926260948,12.13752365,19.67503166,16.15488625,6.237486839,30.18039703,31.04560852,23.2443943,36.89881134,57.10129929,47.06116486,22.74295235,49.26866913,58.42602539,46.8047142,46.63512421,2.546421289,2.345296621,8.250831604,3.05728817,30.83187294,46.53500366
NCG_320_R2256_imp_ch_flt1-45_flt50_rejectedarte_chr_ICA_prep_rf_int,24.02330971,25.84958649,25.23837471,13.63041019,33.47218323,39.20965195,35.88814926,21.27048683,17.08184242,46.58504868,42.3289032,30.12314606,20.8836937,53.79389572,47.94908524,46.92809677,11.31684971,38.88173676,69.10990906,64.67697144,33.01171112,42.11867142,86.13254547,83.10183716,68.46231079,17.25879288,106.0046387,49.46632004,51.20300674,64.41831207,11.30730247,34.13393021,31.00720406,25.61879539,13.65370083,34.39497757,40.53414536,34.57166672,41.20823669,45.80882263,40.89908218,28.93762589,46.73805237,51.40274811,30.95203018,64.0100174,73.84942627,55.85628128,63.95554733,86.6098938,75.7436142,51.50422287,84.70590973,85.91107941,67.0457077,66.84217834,14.46821785,17.8853569,10.93558407,7.939498425,83.25350189,66.75889587
NCG_321_R2256_imp_ch_flt1-45_flt50_rejectedarte_ICA_prep_rf_int,22.91769791,24.7441349,28.01231766,10.06169605,17.03164101,21.07725716,19.67276573,14.58438873,8.845420837,16.76358032,17.6071167,11.40469837,3.188796043,10.92562199,14.63227081,11.50549889,4.206362247,5.99974966,12.5476284,12.66189098,6.733870983,20.95593071,14.46061325,15.58880234,16.47263527,18.93901825,14.18549061,9.028165817,5.828909397,8.100034714,16.17094803,20.17684555,23.3836937,22.89356041,14.1681757,4.583250999,21.52337456,19.39930725,13.21525478,18.8418808,15.21654797,6.199391842,12.84431267,11.56501389,7.06381464,9.124526024,14.76310062,9.317102432,14.60046482,13.60545826,14.9531002,18.93207741,17.94750404,18.00499344,19.72249222,19.55119705,5.235381126,9.482689857,5.96105814,6.725039482,17.81163788,19.52192307
NCG_322_R2256_imp_ch_flt1-45_flt50_rejectedarte_ICA_prep_rf_int,9.053011894,11.6745224,12.39601803,3.009676218,6.178968906,7.2205863,7.550255775,6.753142834,5.759998798,8.1042099,5.801408768,4.426082611,3.758197546,19.09539223,10.52128792,10.86584282,2.290739059,17.73953247,23.06564331,19.25888634,9.298930168,18.30744743,35.92892075,26.73592377,25.11192131,10.81867027,25.33983421,9.899773598,7.268041134,8.492326736,5.074948311,6.760648727,9.004349709,9.821832657,4.109895706,6.337594986,7.085696697,7.558817387,12.82823753,6.692673206,7.566574097,6.983231068,15.21447563,10.36678505,5.092951298,23.33320808,20.79410934,18.85582352,30.42658615,33.72579575,25.64674377,10.87104416,26.21691322,26.42384338,26.8748188,15.85470963,2.773426533,3.535470247,7.653996468,2.895645142,25.86937714,15.93791199
NCG_323_R2256_imp_ch_flt1-45_flt50_rejectedarte_ICA_prep_rf_int,0.685748637,0.672866285,0.85885781,0.39378643,0.455739111,0.185919732,0.418781519,0.863252044,0.802128732,1.160262823,0.850782096,1.067551494,0.385548949,2.81003046,1.909040332,2.886672735,0.955029786,1.52678442,3.386160135,3.478476048,2.120668888,0.684727013,3.019871235,3.407640934,3.641334772,0.952505291,3.080219984,1.138254404,1.324914694,1.359003067,0.57622546,0.274499565,0.466541082,0.837140381,0.381208032,0.33964017,0.407897472,0.764746964,1.731899977,0.518850386,1.398986936,1.119620085,2.806404114,1.948534727,1.790787339,3.057470798,3.240281343,3.272087812,2.001362324,3.573453665,3.623897314,2.21210742,2.067366123,2.858812332,3.034286261,2.301296234,0.442701638,0.919542015,0.303856164,0.784613192,1.097772837,1.344780445
NCG_324_R2256_imp_ch_flt1-45_flt50_rejectedarte_ICA_prep_rf_int,2.098311424,2.150601864,1.830978394,1.034806848,2.362861156,2.815854549,2.061019182,1.138451099,1.216347456,2.833876848,2.23451066,1.125314713,0.332609743,2.45828867,3.740086794,1.569675922,0.473375976,0.641954005,3.618134499,2.882671833,0.332238317,,2.103669643,3.158699751,1.229822159,,1.826087117,0.20305194,0.277983308,,1.441865087,2.209063768,2.310086966,1.626585364,1.622395396,2.833909512,2.1066854,1.226040363,2.840483427,3.02210021,2.223143339,0.892116904,3.541165352,3.165765762,0.488562167,2.448600292,3.656167984,1.679266334,0.942685008,2.107423306,2.558989286,0.18017818,1.083524823,1.632158518,0.958131254,0.292087376,0.661351502,0.642872274,0.134579957,,0.461944997,
NCG_325_R2256_imp_ch_flt1-45_flt50_rejectedarte_ICA_prep_rf_int,2.53086853,2.650255919,2.500110388,0.897730827,2.003455162,3.585598707,2.395704031,0.712806106,0.726817667,1.658890843,1.65086782,0.885877252,2.063014984,6.952539921,,10.24215317,1.405056953,10.77654457,7.902176857,9.633503914,5.801977158,3.527443886,12.87144184,4.73815918,6.664652348,1.785769701,3.100876808,2.555515528,1.627372265,1.612755775,1.729181528,2.802340269,3.080205202,1.685609698,1.909293532,3.337059736,3.583978653,1.390161633,0.911897004,2.665950775,0.979950726,5.184158802,1.785247922,2.973338842,4.882987976,20.19348145,3.423702478,14.85960293,9.868648529,8.990198135,6.546512127,4.768075466,4.381073952,6.861799717,3.582118988,1.874823809,0.632941902,0.504711628,3.463984728,1.822159767,4.330069542,1.8175596
NCG_326_R2256_imp_ch_flt1-45_flt50_rejecetedarte_ICA_prep_rf_int,0.093561143,0.102649979,0.10518565,,,0.257910132,0.179065168,0.092046775,0.322384685,,0.30692479,0.231913537,0.398020416,0.956739128,0.120323449,0.267439783,,2.684127569,0.604373395,0.633265197,0.272491753,1.292550325,1.579441786,1.452075958,0.677379549,0.351673394,2.149500608,1.128095031,1.02147603,0.981327772,0.075671732,,0.175676346,0.074202038,,0.107527755,0.306413203,0.157678545,0.272597313,0.289879113,0.176885337,1.34205842,,0.205602258,0.177326471,2.071000338,0.315591365,0.647803903,1.289984703,1.588177323,1.271613955,0.881968498,1.409626484,1.667902589,1.705548763,1.04981029,0.125449151,0.077458113,0.562903047,0.17863968,1.398801088,1.049851656
NCG_327_R2256_imp_ch_flt1-45_flt50_rejectedarte_ICA_prep_rf_int,1.165667415,1.17361629,0.895379245,0.368114352,0.974538207,1.283693671,0.567411304,0.442095608,0.63539964,0.897102535,0.620980144,0.783522427,0.153740466,0.745744288,0.513763487,2.844138861,0.761684537,0.504595518,0.944953024,1.398463726,1.34890759,0.65039438,1.544882059,2.45445466,2.747777462,1.713525653,2.987297535,1.066446543,1.152027965,1.502242804,0.790393412,1.107702732,0.850209117,0.347495705,0.725365222,1.151064038,0.862555027,0.522668123,0.800594091,0.951443374,1.647030592,0.407958627,0.67221576,0.927268505,1.068940997,0.962296605,1.044863343,2.147231579,1.129663706,1.930303693,2.475006104,2.844350815,1.811319828,1.826321244,3.856631279,1.944999576,0.360482246,0.354304045,0.193027869,0.683338225,1.80290091,1.946167231
NCG_328_R2256_imp_ch_flt1-45_flt50_rejectedarte_ICA_prep_rf_int,1.188136816,0.736049831,0.619834006,1.23301208,1.395591378,3.327889442,2.627307415,1.108465433,1.531305671,4.542491913,5.041580677,1.797156572,1.280272007,3.250725031,7.294645309,5.353583336,1.012666583,3.51155138,7.065992832,8.5391922,3.064215899,1.487997413,6.76709938,8.358261108,6.954005241,2.49747777,6.208743095,2.355098486,2.633984804,2.213368177,1.281549335,1.344621897,1.749818802,0.777991295,1.341419935,2.699531317,3.49162817,1.668239594,2.749352932,5.073023319,3.783507109,3.187933207,6.029974461,6.757334709,2.074173927,5.955929279,8.371347427,6.770680904,4.108853817,8.279454231,8.253790855,4.525269508,5.133714199,5.204363346,5.477790833,5.407823086,1.309495211,1.094359994,0.610070229,1.734136701,5.111861706,5.426116943
NCG_329_R2256_imp_ch_flt1-45_flt50_rejectedarte_ICA_prep_rf_int,13.78183937,13.60066414,10.94076824,8.224359512,15.20240974,24.12224197,14.40213394,5.76407814,12.87159538,30.2501049,32.73513031,10.91076279,4.717418671,60.15998077,73.35655212,61.02869034,6.53869915,41.69144821,129.8908386,132.0921631,52.53911591,22.55119324,154.984314,185.4559326,154.0543976,47.78922653,89.00984955,18.89888763,16.02330017,30.06272888,11.94529915,17.0591011,14.12807465,9.251395226,15.02022552,22.87442017,21.40932274,9.836660385,25.472435,31.94827652,25.77319908,26.19923019,72.59828949,75.47914124,25.04027748,99.27651978,136.584198,107.6229858,68.30003357,155.42836,177.8889465,123.7435608,65.32437134,69.48536682,130.0731201,112.3284607,5.762378216,5.651025772,7.227577686,15.17076492,64.88440704,58.96976471
NCG_330_R2256_imp_ch_flt1-45_flt50_rejectedarte_ICA_prep_rf_int,3.273225784,5.012094975,2.212745905,3.096780777,6.250853539,5.476855278,3.393668413,0.968515396,5.911612511,9.193060875,5.751673698,1.509702206,5.648061275,12.86315441,13.44559479,4.371679306,1.642856359,14.80595303,23.57924461,14.97057724,4.887034416,14.98872185,30.42451286,42.00376892,16.988657,13.849617,59.74691772,16.99193573,12.30052662,13.86466789,3.109755754,4.778082848,3.307161093,1.514198184,4.677525997,6.505946636,4.668877602,1.912265658,8.197364807,7.785553932,3.765468597,8.318561554,14.55925941,8.024020195,2.243302822,19.81544495,25.08383751,8.251469612,24.19009018,38.53143311,25.47164154,16.653265,27.50399017,40.85408783,31.11771774,33.22021103,4.121758938,1.049221873,7.992388725,4.627388954,17.55563736,27.05048561
NCG_331_R2256_imp_ch_flt1-45_flt50_rejectedarte_ICA_prep_rf_int,3.404841661,4.43141222,4.487975597,1.934976339,3.312487125,3.823610544,5.325278759,2.448323727,2.993703365,4.434188843,4.624461174,4.557579041,3.205575466,14.77499962,8.260825157,15.56735802,3.417577267,8.262173653,17.50536537,16.67619514,13.68473434,8.028367043,21.55588341,23.45788574,30.29080009,19.18599892,24.49860573,8.095023155,11.53136349,18.72627068,2.945372105,3.83403945,5.234115124,3.822673798,3.195063114,4.089854717,4.346271992,4.39962101,6.607700348,3.620089769,7.739094734,5.218533516,11.54831505,8.603277206,9.337023735,17.32088089,15.67793274,17.76214218,15.9523716,23.43355942,25.38429642,25.16929054,11.70523643,23.41968155,35.00068665,34.89346695,4.21045208,1.785081625,2.466749907,5.034786701,11.57668114,34.94334793
NCG_332_R2256_imp_ch_flt1-45_flt50_rejectedarte_ICA_prep_rf_int,2.441388369,2.471629381,2.634935141,1.445423841,3.122947216,3.469235659,3.875576258,1.522871375,3.397762537,5.530183315,8.457774162,3.541115284,2.422711134,13.85833168,13.99734306,21.8700695,2.158926725,11.82830238,22.75252914,25.88281631,9.309614182,6.1148839,17.67796707,25.99912834,19.77130318,8.330861092,20.10268402,6.92654705,8.366016388,8.874538422,2.145042419,2.457850456,2.923639774,2.542370796,2.187263012,3.430548668,3.761606693,3.110732317,5.826263905,6.162386417,8.689645767,9.299313545,13.36531067,18.70552444,7.028555393,17.80034065,30.22953033,24.21776009,12.00298882,21.33067322,23.88103104,8.377528191,10.244874,17.99867439,17.41084099,11.41618061,1.732927799,1.344186902,4.419626713,4.244828224,10.09480381,11.43211269
NCG_333_R2256_imp_ch_flt1-45_flt50_rejectedarte_ICA_prep_rf_int,3.330537558,3.452495098,3.523476601,3.033955097,5.782296181,6.742639542,5.30086565,2.547674179,4.141570091,8.920324326,8.065237999,3.453317165,2.364556551,9.950536728,12.89448929,8.239987373,4.213226795,9.003805161,18.713274,18.61211967,10.04952526,5.959925175,25.77203941,35.17427063,27.19342422,27.39177704,59.28553391,14.5777092,12.45797157,20.0934391,3.245473623,4.771987915,4.1866045,2.84739089,4.205103397,6.836310387,6.173616886,3.388302803,7.00211525,9.325078964,5.684746742,5.7796731,13.27477455,10.44839191,5.097702026,17.74529266,23.90147209,16.10330963,18.0106144,33.7605896,28.11114311,26.48190117,23.21571922,38.32548904,40.26647186,44.28292084,2.720840216,3.059155703,2.355144024,5.016284466,23.04953384,41.6570816
NCG_334_R2256_imp_ch_flt1-45_flt50_rejectedarte_ICA_prep_rf_int,12.7279644,14.2611866,12.90037251,8.79523468,13.28502655,16.98519707,15.40860939,4.517492771,8.276834488,14.57199478,15.77807903,6.234461784,3.181961775,14.82317448,12.85956192,15.42700386,6.814630985,14.00188828,17.50179291,21.42871857,12.94909668,20.20031357,28.02576447,40.97583389,24.16267395,16.35920715,38.44408798,31.87159538,25.99370193,27.41244125,8.847387314,14.13091373,13.47383308,7.930310726,13.22514725,16.22701645,16.33551979,10.39985752,12.28883553,16.90537262,14.04275227,6.311590672,14.90538025,15.2699213,8.874241829,18.22044182,21.98437881,19.12606049,25.33947372,28.01916122,33.66588974,19.43894386,36.38718796,36.62026215,30.62368774,28.3476429,4.511492729,2.442648172,5.885119438,11.93572235,36.16018295,26.86110497
NCG_335_R2256_imp_ch_flt1-45_flt50_rejectedarte_ICA_prep_rf_int,6.97520256,7.180578709,6.279969215,6.551995754,9.145648956,9.035674095,9.001411438,5.723201752,3.561281443,9.258500099,12.65420246,10.97797585,3.706175804,13.3492403,13.18124676,20.21623993,10.40649414,11.79551125,17.99374962,20.19861412,15.46464443,10.14661884,18.0850029,17.73213387,19.29153824,16.54839516,13.91126823,10.6473875,6.17061615,7.123425961,6.962812424,8.527178764,7.419579506,4.990650177,8.729167938,8.964925766,8.429989815,6.641568184,10.31413937,9.297920227,15.31799126,6.174362183,10.61641693,19.68483543,14.85475826,18.26352501,17.25250435,20.6873951,13.47751427,21.00835228,18.53643036,20.15311813,15.65302753,15.85799599,18.24586487,18.16534042,4.334978104,7.538283825,6.546476364,11.79952431,15.17566299,13.34266853
NCG_336_R2256_imp_ch_flt1-45_flt50_rejectedarte_ICA_prep_rf_int,5.365208149,5.248606205,1.864994407,2.535615683,7.055943012,10.32439804,6.538312912,1.424522877,3.011539698,9.178840637,6.094899178,1.379554868,3.233591795,7.831807613,9.210364342,6.188743114,1.514161825,8.813245773,14.80644226,13.71009922,8.437914848,10.48381233,21.9029541,20.89918518,25.4766922,26.09733772,31.37479782,16.74196625,14.42344666,19.80204201,4.525532246,7.106719017,6.285034657,1.696466565,6.534958363,10.36638927,7.412740707,2.758773327,5.497817993,9.919743538,3.523072004,6.436697006,8.078650475,7.765489578,3.164148808,14.66595745,14.05278397,12.84185028,17.83913612,19.48681641,20.61445236,26.33840561,24.54637909,27.64162254,34.58970261,35.08564377,2.060079575,0.94408226,3.34922266,5.675409317,24.20695496,35.12145996
NCG_337_R2256_imp_ch_flt1-45_flt50_rejectedarte_ICA_prep_rf_int,2.478346825,2.292475462,2.039693356,1.613240361,3.932919502,4.29549408,3.141591787,0.628330112,2.719470501,6.380560398,5.436127186,1.676000953,1.000159025,6.408806324,7.437597275,4.303675652,0.500496089,2.940591574,6.202540874,5.029385567,1.354853511,0.868605435,3.301831722,3.323916674,1.801156878,0.509105206,1.099648714,0.326119334,0.490154892,0.270386994,2.347339153,3.672423601,2.815894604,1.629773378,3.466032505,4.77675724,4.096820354,1.952669024,5.411522388,6.288298607,3.872005939,3.403211594,7.372155666,6.150310993,1.765748501,5.336006165,6.22804594,3.259350538,2.273318291,3.662706375,2.802412271,0.673787773,0.948100448,1.688449264,1.023076773,0.507268965,1.157284617,0.62912637,1.003813505,0.495770156,0.635814846,0.493617058
OC_10_ch256_flt1-45_flt50_rejectearte_rch_imp_ICA_prep_rf_int,10.8786211,11.66734505,11.641119,6.51283884,17.37417603,21.49293137,16.06552124,5.350262642,12.02006912,30.7604599,22.11328316,7.504160881,5.658696651,37.63007736,36.8367691,16.27915192,6.556986809,21.02960777,43.90781784,26.076231,10.56653404,19.50341415,39.60137558,45.77394485,49.36801529,36.42235565,65.57940674,22.78976059,27.85680389,44.25099182,9.278517723,17.31828499,15.08687305,8.83073616,11.41071796,22.08174515,19.12763977,10.9304266,26.36111259,28.457201,15.20280838,19.93461418,39.34942627,24.65459824,7.440629959,38.14064789,38.83053589,21.06172943,26.26429176,39.69280624,35.76826859,50.14966583,40.60584259,39.71863937,95.64866638,109.4343872,6.575982571,3.795018435,6.826454639,7.78431797,40.19570923,64.56243134
OC_11_R2_ch256_flt1-45_flt50_rejectedarte_rch_imp_ICA_prep_rf_int,3.275054932,3.458298922,3.196446896,2.170908928,4.248906612,5.89492321,4.871097088,1.74812603,2.749252796,6.105642319,4.931400776,1.932287812,3.701417208,5.540222645,7.479389668,4.565716267,0.507035077,1.918378472,9.61463356,7.625005722,1.97030592,5.654829502,9.181847572,15.87117481,8.301042557,1.896448731,15.24782372,7.913064957,6.473333836,5.595027924,2.952634096,3.955951691,4.436980724,2.434913635,4.24049902,5.249183178,5.780336857,2.895432949,4.349166393,6.699007511,4.907437325,3.073668718,6.619267464,6.341547012,1.782338619,7.328018188,12.11767483,5.546955109,4.97837162,13.40993786,10.98908615,4.669440746,9.435988426,11.47027874,9.911029816,6.770981312,1.703069329,0.990351617,2.474932432,0.465152442,7.923413277,4.341258049
OC_12_R2_ch256_flt1-45_flt50_rejectedarte_rch_imp_ICA_prep_rf_int,8.508065224,8.951906204,9.051862717,8.722714424,11.8922472,13.25325584,11.61592865,8.462238312,9.77380085,13.76950741,12.82350922,8.776520729,9.30748558,16.89611053,16.77936172,13.31767178,5.871751308,15.58300018,20.64369392,19.25448418,13.07233334,12.27019882,26.71650696,32.36479568,30.9475193,41.95137787,38.44532394,29.63887978,25.09670639,40.33472443,8.532856941,11.27036858,11.86519146,8.706780434,10.92596245,13.19271946,13.05976772,10.27502537,13.84128189,13.77469158,11.38893509,11.23533344,16.03018188,15.50493145,10.5798254,22.19017601,22.11341667,17.87202835,18.85937691,27.50197411,29.61765671,36.26580811,24.24040413,27.50931931,43.24038696,51.65720367,7.172660828,7.589270592,12.82222939,16.31596756,24.1076889,51.9871788
OC_15_R2_ch256_flt1-45_flt50_rejectedarte_rch_imp_ICA_prep_rf_int,0.807546616,0.904143512,1.231969953,0.285811692,0.336528033,0.719659925,0.922178328,0.563707948,0.232951641,0.508027196,0.643435836,0.900122225,0.31150955,0.769453287,0.406547815,4.064800739,0.393924505,1.234569669,0.41553393,0.912863076,1.232468963,1.270207763,1.553351998,0.622743666,2.231014252,1.619372964,2.227929115,2.812379122,2.137936592,3.14406991,0.653297901,0.479236513,0.946855187,0.870794058,0.328124404,0.564230025,0.92516309,0.927470267,0.409985006,0.683005989,1.631457925,0.473875403,0.492251694,0.941879332,1.24572432,1.217142344,0.074797384,2.299309254,2.008408785,0.844121933,1.285416842,2.497541189,2.681582212,2.450008869,4.441392422,4.675127983,0.174850002,0.393434078,0.565220416,0.594862938,2.657399893,3.463863134
OC_16_R2_ch256_flt1-45_flt50_rejeectedarte_rch_imp_ICA_prep_rf_int,1.149376988,1.864401102,1.544303536,0.677827239,0.645636797,1.964942455,3.409454107,1.438882113,1.201808453,1.040095448,3.580706596,6.387928963,1.157605886,7.870592117,1.699225426,12.83035469,1.907085061,5.530742168,4.654381275,4.853725433,7.947281361,2.638031483,5.443619728,4.855445862,5.587924004,2.915300608,6.185807228,3.791703701,4.662050247,5.930528641,0.947547078,1.414952636,1.905682325,1.502478719,0.938695252,1.330897212,2.224400759,2.206622601,2.318174362,1.52144897,9.553415298,4.145324707,3.328551054,4.358537674,10.01590538,8.49388504,3.12413311,8.926681519,5.361875534,5.706643105,4.447200298,5.14211607,4.718319416,4.75339365,6.318786144,4.894335747,0.839354157,2.000142813,1.675386667,2.860726833,4.519569397,4.790334702
OC_17_R2_ch256_flt1-45_flt50_rejectedarte_rch_imp_ICA_prep_rf_int,1.347066879,1.639848232,1.33321166,0.660766959,2.067884207,2.938172579,2.488406897,1.035368681,1.890075564,3.822921991,5.514174461,5.069473743,3.40887785,14.34465408,8.753115654,13.0236578,4.282649994,7.440448761,16.26744652,14.56637859,7.423799515,3.341567516,15.15291977,16.92369843,10.84416294,2.460510969,4.399054527,3.518583536,3.91686511,8.804170609,1.754829407,1.953411341,2.463029385,1.375847459,1.681503296,2.840232849,2.479930401,2.240556002,3.083491087,3.987185955,5.555593967,4.70010376,10.7849493,12.9983263,7.712115288,17.43657494,14.85646343,13.88406277,8.965873718,17.03063393,11.05162621,7.328381538,6.996645927,7.046476364,9.160470009,9.086929321,0.937203228,2.130604506,2.250250816,2.052227736,6.939155579,9.081372261
OC_18_R2_ch256_flt1-45_flt50_rejectedarte_rch_imp_ICA_prep_rf_int,0.159402028,0.154495984,0.122374021,,0.322350621,0.369987845,0.28768754,,0.091278806,0.536247969,0.529456258,0.176938504,,0.493020982,1.203969598,0.648252845,,0.534176826,2.122961998,6.834311008,0.574296534,0.35948506,2.030194283,9.835403442,5.374818325,0.845204353,6.773841858,0.771796405,0.529625118,2.067573547,0.091136739,0.502077103,0.218785942,0.292262465,0.091604181,0.375005901,0.288320392,0.291711926,0.34983936,0.546495557,0.313627064,0.198383749,0.782491863,0.921258807,0.165208563,1.303916931,3.667065382,2.102402687,2.015109777,2.031782627,6.899407864,2.479568958,2.015458584,2.041675806,4.544295311,2.500462055,,,,,2.011441708,2.506801367
OC_19_R2_ch256_flt1-45_flt50_rejectedarte_rch_imp_ICA_prep_rf_int,0.923429012,0.932541847,0.723421156,0.358481586,1.398582458,1.729324937,0.695405662,0.456566304,0.577496827,1.605282307,0.679299593,0.516906559,1.249656796,2.353270531,1.079865694,0.762243152,0.427012146,5.053133965,1.391183615,1.032551289,0.893456578,1.485822082,2.657970667,2.54809618,,,1.843315005,0.9607687,,,0.619260728,1.330847263,0.891609907,0.550720036,0.980542719,1.835688472,1.236142159,0.599525213,1.127063036,1.59308362,0.678421259,2.741559029,1.146267891,0.809776127,0.563609123,4.026512146,1.005729198,1.305551767,2.271520615,2.212223053,,,1.794397354,3.401144028,,,0.444707841,0.348541021,1.304977417,0.416324973,1.767249584,
OC_1_R2_ch256_flt1-45_flt50_rejectedarte_rch_imp_ICA_prep_rf_int,21.88329124,24.74999619,21.5892849,17.59328651,30.26593208,39.7364006,26.64133644,9.78510952,12.43626976,31.67458725,34.5412178,19.15947723,9.275015831,29.83561707,29.98950958,43.47597122,17.32010841,30.65526199,57.10968781,55.11359024,43.93104935,37.93088913,39.47099686,70.56847382,56.65705109,38.62187195,61.68730927,41.25624466,33.98171616,24.87175941,18.33750153,29.25765991,29.60865211,15.67451859,17.6451416,36.71052551,37.81571198,18.03726768,20.79430771,44.37715912,24.69102287,21.79999352,33.58763123,43.15366364,26.2617569,53.6730957,63.85616302,45.1245575,37.89191818,69.89040375,56.9924736,52.30904388,48.29482269,48.67031479,53.4497757,53.41103745,7.07585907,11.28859234,15.82014084,14.72377491,47.74362183,36.49483871
OC_21_R2_ch256_flt1-45_flt50_rejectedarte_rch_imp_ICA_prep_rf_int,2.951016665,3.338526964,2.655451298,1.941054583,4.089307785,6.415390968,6.208172798,1.529588342,2.232063532,6.529877663,5.753571033,2.235613346,4.163831234,10.19859505,7.326747417,7.207715034,2.853746653,9.197240829,9.62591362,8.289347649,5.184230804,4.495851994,9.129896164,11.80249405,7.881191254,6.649618626,8.135015488,5.171023846,3.916741371,3.900504827,1.750370264,3.988815784,4.432573318,1.564708948,2.04983902,5.945077419,6.640402794,2.662274361,4.54576683,7.222075939,4.494293213,6.703158855,7.145390987,6.192218781,3.167086601,13.2474947,10.89995003,7.288778782,6.946908474,10.83222485,9.347919464,8.237800598,8.106622696,8.63862133,7.706254482,6.858496189,4.334448814,1.25406909,3.568863153,3.886957169,8.061530113,6.862488747
OC_23_R2_ch256_flt1-45_flt50_rejectedarte_rch_imp_ICA_prep_rf_int,0.986383975,1.396824241,2.351812601,0.76868844,3.354657173,5.222351074,2.643959761,1.445383549,1.712018967,5.763667107,3.815470695,3.277506113,1.11538589,3.922741175,4.851366043,5.682514668,4.634638786,2.054229498,4.348421097,4.534379959,6.277107716,3.187058687,3.213762999,4.451450825,7.225903988,5.163633347,5.232457161,3.174593925,4.966808319,4.672868252,1.084436297,2.639194489,3.589872599,0.975346327,1.678996444,4.325714111,4.423047066,2.446242332,4.087497234,5.587447166,3.00511241,1.764327288,4.757795811,3.76881218,6.587186813,3.535485268,4.381029606,5.486938477,3.179943323,4.375296116,6.298484325,7.794086456,3.212464094,4.890956879,10.39076233,8.63409996,1.13375175,3.785448074,1.142574668,3.570394754,3.196079493,8.602371216
OC_24_R2_ch256_flt1-45_flt50_rejectedarte_rch_imp_ICA_prep_rf_int,0.782647312,0.874796093,0.832032919,0.560023606,0.766116977,0.884453893,0.763056576,0.415872514,0.737453818,1.510274291,1.828154445,1.105904341,1.128764272,3.267984867,4.120042801,6.691241264,0.833919466,3.953249693,7.621424675,9.04073143,5.221427917,2.596563339,11.36832047,15.01740837,12.30994034,5.402318478,22.50289536,9.988809586,10.93114281,1.90921104,0.510138452,0.627186239,0.58728385,0.469244391,0.74900949,0.773540497,0.97270453,0.464630485,1.051648974,1.490761638,2.36239481,2.018723726,3.759865522,5.025223255,2.598425388,7.459505081,8.2003088,8.730279922,7.058558464,13.03409767,12.91120434,9.948235512,11.19917202,11.38933086,18.57333565,13.53332806,0.531083703,0.474192888,1.013847589,1.599869251,11.13094807,9.028264999
OC_25_R2_ch256_flt1-45_flt50_rejecetdarte_rch_imp_ICA_prep_rf_int,0.670483351,0.730704963,0.696651518,0.232070297,0.563908517,0.73825711,0.447716415,0.329742193,0.470592558,0.933931172,0.732816696,0.36105749,0.34474194,2.23548913,1.357108235,1.091920018,0.616503119,1.756757498,3.0970819,3.028867722,1.885722518,2.448451042,2.906642199,6.7493186,6.417250633,2.114723921,11.52310467,2.864212036,7.637746334,8.300679207,0.597386003,0.557075024,0.544046462,0.517152667,0.492091775,0.564506054,0.661941111,0.398219377,0.830223501,0.763467371,0.574747741,0.685413539,1.743992805,1.334376574,0.667381227,2.889922619,3.533209324,3.494417906,2.695314169,2.924256086,6.457235336,5.021027088,2.977324724,3.048679829,12.8782835,9.176697731,0.230775878,0.219285339,0.501236439,0.550231755,2.872231007,8.628247261
OC_26_R2_ch256_flt1-45_flt50_rejectedarte_rch_imp_ICA_prep_rf_int,2.787882566,3.111272812,3.556205511,1.423087835,1.808167458,2.168256998,,2.107867479,1.966088414,2.232792616,,2.642537594,1.29864645,4.385103703,4.139502525,4.058556557,5.284107685,2.931372881,5.470744133,4.848924637,3.828538418,3.202794552,4.976590157,6.898626804,4.193143845,3.534856319,6.212984085,3.94908452,3.06547761,2.049823761,1.759055138,3.036150694,2.653089523,,2.577385426,2.192215919,1.396719933,,1.754339695,2.029955864,2.50865674,1.727670431,4.389685154,3.958273888,3.482171297,4.373959541,6.159330368,4.332685471,3.484942436,5.665219307,5.367043495,3.087000132,4.52867651,5.048869133,3.994994402,3.035462141,1.298379064,3.508929253,3.199588776,3.428777218,4.490407467,2.01218152
OC_27_R2_ch256_flt1-45_flt50_rejectedarte_rch_imp_ICA_prep_rf_int,3.70438695,3.678940535,3.112618446,2.552492142,4.162290573,7.481024742,7.015813828,2.094621897,4.105854988,6.54668045,8.597271919,2.953902483,2.753559589,16.86587524,10.90249443,16.03995323,3.546003342,9.990651131,15.29109478,21.21857262,9.9046278,5.851562977,17.8568325,29.86510468,20.22975731,5.399822712,19.97985649,5.940526485,5.976599693,6.557260513,2.836610794,4.19569397,5.536999702,3.048134089,3.995893478,5.836916447,7.770144939,4.942543983,5.163926125,9.816263199,7.422864437,9.391561508,8.386693954,10.37446404,6.238887787,16.27129173,19.65373993,21.15274811,11.55423546,23.11239433,28.66624069,10.96458054,16.55730629,17.55755234,17.34477234,16.94413567,2.814426661,1.854613423,3.240658522,3.363914967,16.38037682,16.61937714
OC_28_R2_ch256_flt1-45_flt50_rejectedare_rch_imp_ICA_prep_rf_int,6.963910103,7.78864336,10.56823444,5.184496403,14.89422035,16.56227303,11.34294415,3.358556747,11.33272457,28.05692673,21.41625595,10.12295532,14.07635403,41.71971512,48.07941055,39.23050308,5.886566639,31.45123863,59.89910126,60.17682648,34.82143021,27.84472466,58.36545563,63.28874588,68.1330719,50.89778137,48.81042099,24.86515045,22.6463623,26.8717041,5.602972984,10.67529202,9.763792038,9.14632988,9.299211502,15.01243496,14.32265282,7.669331551,23.08175087,27.00100517,20.51309013,21.61694717,47.07406616,44.01543045,19.99451447,50.38831329,66.23529816,54.87686539,44.6825943,61.88877487,64.25574493,60.24258804,45.89805984,57.84972,70.78937531,82.67955017,6.66940546,3.489042521,15.71326065,15.19038582,45.50111008,52.51144409
OC_29_R2_ch256_flt1-45_flt50_rejectedarte_rch_imp_ICA_prep_rf_int,1.641707897,0.93791151,1.274144173,0.613277197,1.342345953,0.93096596,0.661904454,0.92406714,0.591271043,0.84798795,1.341668725,1.059541583,0.786901772,1.932454944,1.509428978,2.389040709,0.992188632,2.056147814,3.238147497,3.849681139,2.052237511,1.41328764,4.436226845,6.366117001,4.950885773,1.998395801,5.993501663,2.105648041,2.857477903,2.925448418,0.979003072,1.571287632,1.139387012,1.125420213,0.890680432,0.917156339,1.301011682,0.838950455,0.717027009,1.19016397,1.414322138,0.875338972,1.149781466,2.041844368,1.465563774,3.537097931,3.928518057,3.427062035,2.704761028,5.175249577,5.811623096,3.696068287,3.032963276,3.202252388,6.303703785,4.775426865,0.478024364,0.844947159,0.840376496,0.905596435,3.166303396,2.694501162
OC_2_R2_ch256_flt1-45_flt50_rejectedarte_rch_imp_ICA_prep_rf_int,16.91782379,20.57827377,18.05462265,3.912876129,11.72463036,26.30474091,14.01741123,6.261205673,13.88022327,13.77798843,13.95917225,14.34662151,5.42463541,27.82643509,19.72715569,18.10081673,6.643440723,27.44372368,26.24278259,21.40983582,16.3981514,23.02635574,25.01803207,30.6219902,21.50417328,8.242822647,20.98959732,7.98243618,9.614145279,6.88536644,8.917984962,18.63368416,21.13414955,11.98945522,11.55430794,12.08974838,18.8575592,10.71056366,14.12128448,16.43440247,21.35909081,13.96070099,27.38698578,18.24693489,13.8843441,27.80455017,26.0733757,20.55574989,24.23086548,26.45481873,21.33772278,17.65646744,23.45627785,23.58802414,19.54590607,10.21897316,3.122447491,4.718854904,5.502188683,6.439263821,23.10352325,8.009102821
OC_30_R2_ch256_flt1-45_flt50_rejectedarte_rch_imp_ICA_prep_rf_int,0.706014037,1.084683061,1.307365775,0.239847675,1.092130899,2.228394032,1.869077086,0.769780517,0.10177277,1.52419436,1.928426862,0.734689236,1.003169775,1.316819072,2.07060051,1.979436278,0.959259272,4.3912673,3.604954958,3.506513357,3.744325638,2.51339674,6.788882256,6.56763649,4.981015205,2.265264034,9.236696243,4.903779507,5.097097397,4.548937798,0.311035246,1.411026478,1.54179585,0.820610583,0.431244552,1.847883701,1.869601011,1.322974801,1.093236685,2.482676268,1.313851357,0.695638537,1.679777145,1.804043055,2.40854001,4.218276024,3.496201277,4.194965839,3.976464272,6.913638115,5.697048187,4.04148531,4.376913548,7.8483181,5.154280663,5.074055672,0.326580465,0.502993524,2.366963148,1.658589363,4.321579933,5.049067497
OC_31_R2_ch256_flt1-45_flt50_rejectedarte_rch_imp_ICA_prep_rf_int,5.466104984,5.231211662,5.418089867,3.641476393,5.107443333,6.267230511,5.700048923,4.515895844,2.713764906,10.85529804,10.79919624,3.448314905,,11.02030659,18.38742638,15.02826881,2.236563921,4.267161369,17.78832817,15.33411217,4.634273052,6.676893711,8.83796978,19.59795761,13.82474518,13.70552254,15.65846252,5.80139637,5.763337135,9.183531761,4.129666328,7.890764713,2.998505592,4.533030987,6.002621174,6.211308956,5.728647232,4.048174381,7.518036842,10.78593636,7.57333231,4.957158089,15.87453842,15.1118145,4.474254131,11.12679195,21.0923748,15.22618008,9.05737114,16.53342247,15.25582409,13.73515415,9.038591385,13.07576656,18.009552,17.9971447,2.501250029,3.084116697,3.094249249,4.561970711,8.88826561,18.10116959
OC_33_R2_ch256_flt1-45_flt50_rejectedarte_rch_imp_ICA_prep_rf_int,25.09996796,24.08269882,21.97778893,17.38845253,31.12477493,33.63368225,26.31839371,12.7267313,21.02809143,33.56744766,27.94785881,15.23130131,19.02257347,48.88541031,32.1941185,37.0397377,13.86773872,40.20331573,60.18128204,47.29512787,33.55933762,46.45136261,96.32834625,93.80712891,91.62541199,86.93415833,150.5314026,100.2096481,94.10564423,97.77688599,21.38952255,27.49463081,24.73862267,17.63363075,22.27317047,34.26451492,31.23207474,17.54349899,31.11828041,33.18959427,24.10884857,27.64892578,35.79998016,29.51095963,22.86252594,69.42901611,50.18992996,57.02534103,79.47514343,97.54211426,87.46763611,106.8998489,132.0764313,144.1816406,147.2885437,137.0758057,12.82389259,10.08477116,32.27183914,18.43259621,130.2555084,137.6266022
OC_34_R2_ch256_flt1-45_flt50_rejectedarte_rch_imp_ICA_prep_rf_int,3.417656898,3.478039503,3.188750505,1.767203689,2.693773508,4.279580593,2.975445271,1.749675393,1.701912999,4.016078949,4.329066277,2.419397116,0.76577884,2.174728394,6.279351711,4.963499546,1.781338096,2.620705128,6.590591431,10.45321751,5.611299992,4.562056541,7.158569813,15.54916477,12.45944309,5.24831295,14.43793106,7.288357735,5.496112347,4.933209419,2.894124031,3.195523024,3.160874128,2.138856888,2.06583643,4.14063406,4.06175518,2.963176966,2.637709141,5.118686676,3.739873409,1.310664058,4.367943764,6.018498421,2.985985041,4.361962318,10.08017635,8.398928642,6.075176716,11.41202641,15.77555084,9.367603302,9.401895523,9.501418114,12.63939476,8.532249451,1.214388728,1.607297659,1.313905239,2.54795289,9.180864334,8.494252205
OC_35_R2_ch256_flt1-45_flt50_rejectedarte_rch_imp_ICA_prep_rf_int,10.55547905,10.9793396,11.95301437,8.032764435,13.12065887,15.74730015,14.07699203,6.432010651,6.591594219,15.35762787,16.62306213,8.310111046,2.794986248,13.07936382,20.23305321,17.00081635,4.046579838,8.003185272,19.16139412,20.69535446,18.84634399,12.37825203,20.33250809,29.52300835,32.40356064,25.63832474,23.76713562,14.5206852,8.365283012,21.31246567,8.64347744,12.10375404,12.83419037,7.599191189,8.102481842,15.02326298,15.83930779,9.152496338,12.21121979,17.49677849,14.13751793,5.927719593,15.36280632,19.38202095,10.83257389,16.96137428,22.50739098,21.28750992,28.90043449,23.43330002,25.14927292,22.44584656,29.41194534,29.57213593,32.51026535,21.96441269,4.66355896,4.754475594,3.869652987,11.40586472,29.16392517,21.94587326
OC_37_R2_ch256_flt1-45_flt50_rejectedarte_rch_imp_ICA_prep_rf_int,14.4972353,12.27398682,12.31671906,5.629358292,6.919382095,9.11357975,8.239002228,3.890332699,5.966969013,9.570794106,8.247865677,4.880669117,2.631831884,10.31732845,12.47086811,9.314176559,2.102043152,7.229960442,15.89629841,16.45800781,19.4666748,2.140785217,15.46801662,20.23587036,20.5596962,18.45048141,25.24783897,8.493611336,8.930656433,12.72194481,13.95314503,8.753854752,7.400185585,6.526186466,6.901706219,9.133207321,8.467533112,5.313263893,7.81756258,10.20139503,8.218413353,6.222373009,12.23980236,9.296291351,12.2167511,12.62659931,18.83028984,16.44227791,9.793754578,21.14484024,20.19080734,19.86290169,10.29491615,18.38560486,20.82912636,19.98083305,3.087876081,2.967112064,1.640036106,19.46124268,6.843894005,19.73776627
OC_38_R2_ch256_flt1-45_flt50_rejectedarte_rch_imp_ICA_prep_rf_int,2.530664921,2.39380908,1.705186009,1.110329151,4.270115376,5.182738304,1.910052061,1.150324821,1.863346457,6.356668472,7.151483536,5.686365128,1.138942719,17.72536278,9.899570465,33.57106018,3.67761755,7.448775768,15.60925388,22.19605827,14.87556839,1.903125763,11.52783203,15.9135561,17.07913017,4.597827435,10.21303272,3.203283548,2.912590265,3.421442747,2.574271441,3.214470625,2.87999177,1.057795763,2.136419535,4.761631489,6.057797432,1.33364749,5.031852722,7.177116394,10.32344341,5.719338894,10.16284466,18.26032448,13.92541981,17.95364952,16.65947342,29.2006588,6.343794823,11.86628437,17.96813393,11.24959469,5.58069849,8.208405495,11.81610775,7.458716869,1.264046431,2.341765881,1.077925086,4.179042816,4.10570097,5.52121973
OC_3_R2_ch256_flt1-45_flt50_rejectedarte_rch_imp_ICA_prep_rf_int,0.369330376,0.566504955,0.805120945,0.329632789,1.006587863,1.139004588,1.089493871,0.226870522,0.766320288,2.281830072,2.303415537,0.840040207,0.251602173,4.470599174,3.856417894,4.50723505,0.204516292,2.625815392,5.600825787,6.399885178,2.89378047,0.947850108,5.27197361,5.600601196,4.994842052,0.978493631,3.061264038,1.310936093,1.157473087,0.930338085,0.470315486,0.750134468,0.859568536,0.304425687,0.637524724,1.133565545,1.16553247,0.405840605,2.209916353,2.154203176,2.21480751,1.247682452,4.12110281,4.729193211,1.620923996,4.93265152,5.956161499,5.026936054,0.946671605,5.266480923,5.943210602,3.347818851,2.457216263,2.495250463,2.943599224,2.39744091,0.28851226,0.204516634,0.778330326,0.705222189,2.433341026,1.006054878
OC_4_R2_ch256_flt1-45_flt50_rejectedarte_rch_imp_ICA_prep_rf_int,9.521380424,8.2314291,4.966432095,8.33373642,22.95898628,17.27367973,9.264260292,2.976988316,11.47908878,18.14343071,15.42529202,6.31600666,5.900658607,19.61918449,24.79786682,23.70253372,9.522999763,17.84811211,34.21216583,41.83696747,20.16877556,12.86726952,36.04309845,50.7900238,42.15400314,14.75887394,41.23057938,22.51988792,15.25924301,14.72638893,10.02546692,17.61358261,8.387730598,3.442470551,17.64384079,19.21228027,12.80288029,6.172311783,17.63586807,19.56093979,12.94487381,12.62317944,20.94327736,23.28580666,10.28020096,29.54432487,43.76999664,35.83160782,24.84897995,43.06676865,48.83203888,29.44197845,22.6105957,23.01151848,38.13774109,27.399086,6.338163376,2.999917984,8.595387459,10.31235504,22.4588089,18.36264038
OC_6_R2_ch256_flt1-45_flt50_rejectedarte_rch_imp_ICA_prep_rf_int,1.221231699,1.487832785,1.544052362,0.356735766,1.084733605,2.058161736,1.588489294,0.402545154,0.840167403,1.111664772,1.126699328,0.794989705,0.893439054,2.06972003,0.878640652,3.616645575,0.991950989,1.38110745,1.34803319,1.68172133,2.715093613,1.382282972,1.608304024,1.183184624,2.294227362,1.45176661,1.957654834,1.072704315,1.091170788,0.914930761,0.703187764,1.595945716,2.070567608,0.957032025,0.693621218,1.72749114,2.301916838,1.228045702,1.274024963,1.300216675,1.317284942,1.132239223,1.332544565,1.449570417,2.53927803,1.749079227,1.013574243,3.353554487,1.408964038,1.215315104,1.646211505,2.375231028,1.519873381,1.949202657,2.155099154,2.152021885,0.658252776,0.24311386,1.094570279,0.967604339,1.115452766,2.152596712
OC_7_R2_ch256_flt1-45_flt50_rejectedarte_rch_imp_ICA_prep_rf_int,4.940880299,4.957154274,3.470910549,5.746161461,6.173061371,6.163928032,5.649328709,1.682983994,1.368585587,7.579443455,7.662938595,3.238046408,1.355441928,2.88352108,7.927629471,9.537101746,2.766369343,4.496690273,4.401659489,11.23330879,16.1952095,6.709217072,8.431152344,10.2989254,17.09147835,9.235588074,8.21513176,4.548456192,3.053395033,3.556188345,5.504498005,6.058553219,5.843970299,2.639626503,5.941883087,6.272828579,8.765365601,2.904897928,6.294689178,11.24217701,4.900581837,1.372154713,4.414397717,7.193739414,8.162033081,8.367769241,7.739697933,16.09104919,6.649383545,8.406126022,16.82099724,19.64244461,5.059033871,8.999093056,9.119522095,8.933599472,1.348761797,1.899630547,1.362470984,8.44696331,4.88173151,8.37012291
OC_9_R2_ch256_flt1-45_flt50_rejectedarte_rch_imp_ICA_prep_rf_int,0.914790392,0.964613438,0.973804891,0.591526031,0.288564444,0.385096639,0.424223155,0.454107404,0.378433108,0.364504606,0.709789217,0.533968687,0.450088829,0.602422297,0.956895411,1.060854316,0.709890604,0.495083362,1.050713062,1.678135514,1.524387717,0.317130208,1.001782179,3.446054935,6.530637264,2.887506962,9.478383064,2.632792473,5.488351345,9.261100769,0.716169357,0.450559825,0.622611821,0.72844559,0.452345312,0.2991862,0.327325046,0.630542338,0.396585196,0.534236789,0.645708621,0.468764246,0.697868526,0.869207799,0.957009375,0.952625334,1.300058722,2.107106447,0.53010875,1.850795865,6.270421982,6.29167366,0.713085592,2.501889706,13.67257023,12.08919144,0.473333031,0.405802697,0.316246092,0.797813952,0.702668428,7.58869648
UID_101_R2256_imp_ch_flt1-45_flt50_rejectedarte_rch_ICA_prep_rf_int,0.325637192,0.327815861,0.288405955,,0.36803934,0.735984981,0.826401174,0.180020258,0.494769096,1.214300156,1.264040232,0.789333284,0.215362743,2.778330564,1.347270608,2.761792183,0.529753447,0.899186552,2.092736483,1.984152436,1.502537012,0.198009893,1.599578142,2.232929707,2.189587593,1.32229352,2.336799383,0.416905254,1.070509791,1.064558744,0.100903638,0.369276732,0.474823564,0.270897716,0.109164424,0.620639324,0.839562416,0.384996206,1.045021892,0.937863052,1.403657794,1.032762885,2.119750261,1.683400512,1.213250279,2.476781607,1.809313655,2.018371344,0.685346127,1.894331932,2.480031252,2.155117273,0.342171282,1.085350633,2.43716383,2.091617823,0.215066344,0.527168274,0.29165411,1.089769363,0.334758759,2.098739386
UID_102_R2256_imp_ch_flt1-45_flt50_rejectedarte_rch_ICA_prep_rf_int,47.04839325,52.05860519,45.40117645,15.28958416,62.26828766,73.86102295,60.77397919,25.72156525,39.93637085,64.12136841,58.76575089,25.06144333,15.19342518,59.62428665,63.45903015,51.93600464,6.218640804,15.90062523,58.00917053,70.65937042,33.92466736,22.3091259,58.07540512,71.85894775,83.17694092,29.55943871,71.16952515,30.93899918,26.45162201,28.06717682,40.62425995,66.60665894,55.09427643,25.85783958,39.82318115,62.74625397,60.90927887,33.25260925,62.51880646,71.66513824,51.85694885,35.01760483,64.78397369,63.63175201,21.57642746,57.89342499,70.58644867,60.11555099,57.55365753,58.20252991,75.26944733,54.77085114,57.73884583,58.21014786,75.39964294,54.48955154,15.23134041,6.513136864,15.44380093,17.85660553,53.50867462,46.12859726
UID_103_R2256_imp_ch_flt1-45_flt50_rejectedarte_rch_ICA_prep_rf_int,3.627217054,3.592536688,3.417951345,1.552879572,4.937566757,6.609716415,5.535107613,2.434793711,5.38167429,9.247220993,8.661179543,5.125458241,2.93922925,15.09133625,14.76937103,13.72559261,3.017168999,30.27330971,31.76221466,21.90000343,10.1789217,13.95232582,26.84004784,27.28933907,28.3909874,4.548146725,20.47873116,4.651948929,4.300654411,6.876382828,1.543407321,4.923444748,4.692545891,3.049992323,4.878279686,4.966549397,6.158286572,4.051358223,14.30054188,8.606777191,10.43392277,11.11250591,17.35530472,13.78848076,6.394230366,32.97544861,27.17799377,20.02115822,35.60343933,27.12763023,28.47615051,19.09902954,24.92093277,25.22823715,18.41846848,7.325189114,1.58568573,2.886080027,5.527659416,3.005600452,24.44652176,7.309679985
UID_104_R2256_imp_ch_flt1-45_flt50_rejectedarte_ICA_prep_rf_int,11.16131496,12.04443741,10.94623375,6.967544079,9.798379898,15.86639023,10.53541565,5.34996748,4.705278397,14.8474474,14.07634544,4.636891842,1.512771726,7.780921459,23.53218651,18.95600128,1.512722731,3.120633602,24.63474655,44.27560425,23.13554955,25.8085556,50.75492477,77.23329163,73.91994476,27.42693901,51.11476898,26.15854073,16.94113731,19.6348381,7.023052216,12.90625,12.67563057,8.073202133,9.682961464,14.46708965,13.97662735,7.937701225,7.933595657,18.05307961,9.326757431,2.988867044,15.98203087,22.63751793,5.509981155,14.24598312,38.28787231,43.00710678,25.76880646,50.8512001,81.52529144,56.50582123,26.05898094,51.37245941,52.16524506,29.78541946,1.560047626,3.256237984,3.097441196,10.51210403,25.89551163,29.60133553
UID_105_R2256_imp_ch_flt1-45_flt50_rejectedarte_rch_ICA_prep_rf_int,,,,0.526521683,,,3.606404543,0.706684828,1.284876466,,4.435463428,1.65760541,1.370236635,1.657550812,2.833626509,3.902142525,0.383422613,1.708978653,1.393017054,1.708235621,1.122578025,0.661721587,0.791783571,0.822762966,0.780257046,0.396855742,0.438719541,0.109757364,0.139142483,0.259053707,0.640533507,,,,0.856343389,,1.947510839,0.793056667,1.869371533,1.856146097,4.767845154,3.494965076,2.488269567,3.441300631,1.500335813,1.665233731,1.491250992,1.492610693,0.673837304,0.755710959,0.872923255,0.431874663,0.329311162,0.333398461,0.438958883,0.424185514,0.788119555,0.38375333,1.452960491,0.465180457,0.3218216,0.423595458
UID_106_R2256_imp_ch_flt1-45_flt50_rejectedarte_rch_ICA_prep_rf_int,13.72717094,13.18183899,14.3087101,12.24044514,21.58411598,20.22491455,18.81571007,10.51118469,17.46636772,26.69072342,22.73921394,11.6616745,16.55840492,21.70756531,26.23161697,16.63149071,8.984937668,16.89380836,25.87612915,23.04520226,20.21841431,20.04894066,31.39183044,28.33119202,33.12020874,82.9655304,52.74191666,115.4350967,71.2609787,71.75361633,13.58283615,17.82146835,18.40007782,12.00803185,17.36769676,20.60522079,21.94711494,15.01962566,24.01262856,26.41226768,18.12084389,15.41989613,24.96996689,20.70450783,10.23314476,23.57807922,27.88405228,18.73167992,26.4577961,33.0308609,27.49989128,49.1580162,57.50186539,57.61523819,51.08402634,75.21044159,11.68941975,10.96113873,10.71620274,15.894454,57.24676514,106.845047
UID_108_R2256_imp_ch_flt1-45_flt50_rejectedarte_rch_ICA_prep_rf_int,1.719732285,1.470514894,1.597409964,1.418014169,3.07477355,3.371574163,3.470510721,1.656502485,3.376432896,5.425040722,6.98240757,3.97208643,1.973620296,6.100065231,8.835598946,12.44864082,4.699567795,4.396324158,9.929802895,14.3097229,11.12469387,5.010458469,10.23358631,15.84821415,17.84350204,14.98391056,25.35592079,8.595967293,14.04335308,15.12892628,1.481495738,2.067527294,2.759721518,1.255266309,3.149127483,3.856549978,3.65154767,2.751863718,3.385279894,5.843683243,7.285646915,3.301705837,7.454491138,10.57712078,6.124950409,8.351060867,12.58714294,15.37163639,7.078465462,12.45939159,17.08740616,19.03609467,10.02954865,12.57976246,21.06780243,19.61094856,1.596510887,2.15641737,4.479085445,5.06912899,8.058947563,13.51404572
UID_110_R2256_imp_ch_flt1-45_flt50_rejectedarte_rch_ICA_prep_rf_int,1.655851126,1.829686284,1.610117078,1.158962131,,2.533849716,,,,1.87151587,2.429277182,,2.548873425,,2.742964983,3.529140711,0.966929018,2.276775599,3.398635387,4.092506886,2.496857643,1.821135163,4.062476158,4.945942402,4.03178978,3.413962841,3.904979944,3.049136639,1.753343821,1.854246736,1.799378157,,,,,,2.740692854,,,2.134125948,2.447469473,,2.132479906,3.23188448,1.665324688,2.683706045,4.096054077,3.486386061,2.799907446,4.340556622,5.088801384,4.14538908,4.345935345,5.364206791,3.817695856,4.609231949,3.270649195,,2.616633177,2.078119278,4.275950909,2.61012578
UID_111_R2256_imp_ch_flt1-45_flt50_rejectedarte_rch_ICA_prep_rf_int,15.40568352,18.51131248,18.66492653,5.794930935,13.09666252,28.88098907,16.64836121,7.638025761,20.56970024,31.90079498,36.31875992,24.50517464,9.659353256,59.25247192,56.15362549,59.36997223,24.15310287,35.32259369,74.35936737,75.03355408,36.42802811,13.61767483,58.15115356,71.61032867,54.90769196,10.56585979,46.78748322,16.72175407,15.63035583,12.86976719,12.22723198,16.16984558,23.26281929,9.016670227,12.9072113,13.25251675,19.89732742,13.06286335,29.35959625,31.77854538,28.71900749,35.56262207,58.92350388,55.38327789,39.2924118,67.69229889,74.72167206,67.59244537,33.1953392,64.84357452,69.17723083,29.96796608,28.67391586,42.05619431,41.60745239,16.2420063,9.10787487,11.76764774,10.93327427,23.53278732,28.39459991,6.009208679
UID_112_R2256_imp_ch_flt1-45_flt50_rejectedarte_rch_ICA_prep_rf_int,,0.226223797,,,0.119400717,0.070577785,,,,,,0.087185696,,,0.086168453,0.075804383,,,0.357516378,0.512801588,0.181110665,,0.700942516,1.650215983,1.051443338,0.518264413,3.320850849,0.842304587,1.457749009,1.25602603,,0.114672713,0.114171863,,0.20555605,0.086504407,,,,,,,,0.070489518,,0.103485189,0.688732862,0.372808069,0.310046196,1.014908552,1.317660689,0.639576018,0.596509039,1.242439866,2.113861561,1.207108498,0.132863522,0.254552305,,0.097146563,0.594412923,0.562923908
UID_114_R2256_imp_ch_flt1-45_flt50_rejectedarte_rch_ICA_prep_rf_int,17.59966278,17.93107986,15.92151642,9.93588829,22.99541283,25.11210251,19.28518486,11.60358047,19.86724663,35.31327438,33.24463272,21.3102951,13.86591434,62.30378723,52.09712219,72.61157227,36.88055801,58.1728363,101.868248,92.88612366,81.7710495,31.09157181,113.2635651,99.41702271,104.1294403,47.30408859,99.03431702,68.47660065,71.50400543,89.61722565,13.75806141,19.76058006,18.69634247,14.60058022,14.35838795,25.28818703,22.55579567,16.72876358,31.73337555,34.1928215,31.57556152,36.5068512,54.23690796,56.14380264,52.42185593,102.6964951,91.68179321,109.7982101,61.62796402,113.3463287,103.1427689,76.68244934,71.20004272,106.3406601,105.3290329,74.69044495,10.27052879,13.42113876,18.12359428,45.20746231,70.86354065,74.99156189
UID_115_R2256_imp_ch_flt1-45_flt50_rejectedarte_rch_ICA_prep_rf_int,1.333744407,1.563732862,1.585733891,,5.524178982,3.746761084,4.329195023,0.79453975,4.0133605,8.083645821,5.650341988,3.646168709,,,,29.84035492,2.409075975,,29.09849167,21.25786591,8.153871536,5.488567829,17.15537071,15.73850822,12.86809731,3.355082512,8.486013412,3.586878777,2.285337925,3.49410224,1.24795568,2.737696409,2.757974386,1.597621918,2.167397976,5.540232658,4.319978714,2.47408843,9.985129356,4.747414589,5.663788795,,,23.60840034,11.81719589,27.16737938,20.56814766,20.50871658,11.27532101,19.29371834,14.77376747,6.031298161,7.533414364,9.741477966,6.045815468,6.039673805,,2.932328939,,6.219303131,4.388278961,6.006725311
UID_116_R2256_imp_ch_flt1-45_flt50_rejectedarte_rch_ICA_prep_rf_int,6.51866293,7.632291794,9.687742233,3.948384285,8.403217316,9.992016792,9.424174309,8.010901451,4.871564865,12.94044304,14.59882641,5.813993454,2.435117483,17.19044876,28.17776299,18.13681221,3.032363415,10.19224262,37.76895142,45.66649628,10.38724899,15.60147095,34.84555817,64.10178375,40.02923203,8.534379959,63.57590485,27.08036423,27.96126366,26.70373917,8.156770706,7.316197872,7.98061657,10.24772739,5.515423298,8.452462196,9.415750504,6.177289963,11.15895653,14.93788433,11.98899651,5.682484627,25.75452995,22.90162849,5.708825588,29.39863586,46.5658226,30.18816376,34.40383148,35.1455307,53.7762413,32.96363449,20.16657829,20.57430649,33.33423996,33.11322784,2.317121267,2.29049325,4.963942528,2.341398716,15.75170898,33.16009903
UID_119_R2256_imp_ch_flt1-45_flt50_rejectedare_rch_ICA_prep_rf_int,13.67111969,13.95093918,12.94890881,7.84882164,20.16472816,25.38400459,26.05553055,8.206124306,16.74554825,43.38241959,44.71646881,24.45156097,8.526000023,44.209198,67.6212616,78.55656433,19.64951897,34.37582397,105.4068146,119.9747086,77.53738403,30.91031837,134.1418762,187.6116943,215.3760986,106.4253769,198.3629761,64.69307709,68.96356964,113.109848,10.00783348,20.11295891,19.51633644,10.85019875,19.96753502,23.91987419,26.85887909,17.49404907,20.18154907,40.16939163,40.81222916,16.74766541,52.1395607,74.88008118,43.90890884,69.18741608,127.3721161,122.2832642,81.33454895,176.3608551,193.724472,146.0034943,157.7126312,160.8495178,215.1623688,146.2644501,7.237197876,12.33213139,15.15712357,35.91205597,67.58927917,140.5656128
UID_121_R2256_imp_ch_flt1-45_flt50_rejectedarte_rch_ICA_prep_rf_int,2.498296499,1.53766191,1.38156414,10.21334553,4.47349453,2.63554883,2.001927853,9.63744545,9.291642189,3.854576111,3.527948618,5.280879021,7.172413349,5.429484844,10.77387333,7.199191093,15.32709789,6.240539551,17.11127281,18.6797142,12.15353203,6.880479813,18.8145237,39.00289536,32.94468307,16.77749634,52.74890518,33.04953003,28.22118568,29.54878616,3.806548357,3.695989132,1.304203272,3.839829922,5.295347691,3.736880302,2.093924761,4.042096615,5.332376957,3.497748613,2.635135412,5.638689995,6.790950298,7.448138237,6.9872365,9.342301369,23.75171089,14.78896999,12.43443489,24.57538605,34.42974854,28.85551834,23.22877884,27.8119297,54.84510803,54.38825226,13.34195042,11.63484478,3.528821468,4.76254034,21.92378616,32.72631073
UID_123_R2256_imp_ch_flt1-45_flt50_rejectedarte_rch_ICA_prep_rf_int,0.492790401,0.578648329,0.328861892,0.216255188,0.247879788,0.494881719,0.463411897,,0.258369654,0.18024911,0.312707514,0.480643272,0.675235331,2.299241066,0.909574449,1.763037562,0.368167698,2.317539692,3.325544596,2.667259693,0.833783925,0.905720055,4.448187351,6.143685341,2.720661402,0.683964491,3.967502117,0.983524084,1.206272483,0.666402042,0.342039496,0.562247276,0.462577611,0.358662814,0.146509558,0.305092841,0.385999262,0.144853041,0.769471586,0.14160423,0.951084673,1.221506596,1.658207536,1.193238497,0.754108787,3.45459795,2.993926287,2.662402391,2.392605305,5.288075447,5.551499844,2.681464434,1.850621939,1.892900705,3.845534086,1.227835417,0.151879281,0.109856203,0.633733749,0.251936436,1.846258163,1.229228258
UID_124_R2256_imp_ch_flt1-45_flt50_rejectedarte_rch_ICA_prep_rf_int,0.105925977,,,0.089131869,0.219504595,0.229121551,0.2083776,,0.161017314,0.268306047,0.280862987,,0.172043249,0.219721556,0.328069061,0.253464311,0.155760482,,0.216403738,0.267010719,0.474235445,,,0.214717895,0.973991156,0.795860052,0.318323672,0.201121733,0.316595912,0.560523391,0.087496348,0.170048207,0.167169631,,0.168354005,0.237334639,0.214557335,0.127711743,0.246774092,0.343207747,0.237208188,0.131837398,0.274857402,0.298096061,0.187900096,0.172453463,0.258716732,0.428817511,,,0.534161806,1.810837269,0.10257747,0.114195496,1.249482989,1.206753373,0.152630404,,,0.178167343,0.101506278,1.206949353
UID_125_R2256_imp_ch_flt1-45_flt50_rejectedarte_rch_ICA_prep_rf_int,0.233706132,,0.083403729,0.269437313,0.428505957,0.369066685,0.330452442,0.17741102,0.511795819,0.50081712,0.461135268,0.334407121,0.385065973,1.330348611,1.87980926,1.003170252,0.309618294,0.929350019,2.900647163,1.884063363,0.592631102,0.360643238,1.601942062,1.788534641,1.885448337,0.53081882,2.809155464,0.571269155,0.585636318,0.995188177,0.310401201,0.3795439,0.345748186,,0.386218578,0.36674276,0.394702077,0.328187346,0.414730489,0.491128534,0.437013716,0.683242083,1.230747938,1.540071368,0.376285046,1.991442323,3.362098694,1.133368969,0.615334749,2.297128916,1.767054558,1.287435412,0.564236104,1.350543976,2.49097681,1.624302745,0.280705333,0.394532531,0.351875991,0.309607834,0.539943576,1.629719615
UID_126_R2256_imp_ch_flt1-45_flt50_rejectedarte_rch_ICA_prep_rf_int,,,,,,,,,,,,,1.98625958,10.32724285,8.751973152,5.499955654,1.686246872,7.780370235,12.48554325,15.64138031,8.943102837,6.020787716,14.60755634,22.52579689,18.00678253,9.669617653,20.59526443,2.565493107,3.119205952,6.229141235,,,,,,,,,,,,5.479828835,9.827702522,7.363018036,3.286503553,11.41418266,14.65278721,16.69447708,10.32462692,14.62594414,20.58698463,19.40567398,6.052080631,14.62793922,14.29369736,14.16852951,,,4.729394913,7.604663849,6.007025242,14.08065605
UID_127_R2256_imp_ch_flt1-45_flt50_rejectedarte_rch_ICA_prep_rf_int,1.601436138,1.730805874,1.600281119,0.995670497,3.689147234,4.503165245,3.125697374,1.007662058,5.072347164,5.669362545,6.351119995,3.490589142,3.256772757,12.1195488,9.267057419,9.592855453,3.015159369,10.34707546,10.74178028,8.610277176,3.975590706,5.251458645,9.17904377,6.909183025,5.384727001,1.309354901,4.158713818,2.905398369,1.439460397,1.037259936,1.267324567,2.563467979,2.183613777,1.437585831,2.07475543,4.266925812,3.804197788,1.960722446,6.633066177,6.048436165,6.55176115,9.4865942,9.396671295,9.688306808,5.142103195,13.48735714,9.222765923,6.7060709,7.75215435,8.117236137,5.349275112,3.111320734,3.123806715,3.176440001,2.987733603,1.922717214,1.927832127,1.518143415,6.851257324,2.876440763,3.017669678,1.174616218
UID_128_R2256_imp_ch_flt1-45_flt50_rejectedarte_rch_ICA_prep_rf_int,2.757942677,2.709847927,3.050674915,3.241465569,3.358922005,4.051898956,3.849746227,4.455085278,3.895300865,4.731036186,5.02109623,4.148390293,5.163509846,10.45355606,10.32469749,7.275450706,3.857728481,9.786358833,21.06889343,16.74430466,8.096860886,7.257364273,15.77711105,25.0537262,19.71605492,8.494187355,16.07430649,5.465770245,3.879570007,6.817701817,2.717949629,3.183379889,3.522343159,3.536263227,3.222856522,3.924378633,4.018031597,3.590713024,4.078495979,5.329639435,4.523589611,5.994380951,10.03539658,8.786108971,4.818144798,16.10014915,26.77062225,15.37065792,11.39239693,20.41700363,22.58118248,18.27173042,12.48787594,14.37159538,20.47020721,13.95383835,4.224524975,4.628970146,5.604738712,4.991989136,11.20962334,13.83380508
UID_129_R2256_imp_ch_flt1-45_flt50_rejectedarte_rch_ICA_prep_rf_int,0.824562073,0.317968965,0.684460998,0.120799944,,0.207692951,0.373270541,0.41043216,,0.182371408,0.257555693,0.494858235,0.283390224,0.298285842,0.580963135,0.723650217,0.303001732,0.650051773,1.975112915,2.948336124,1.053492785,0.756910443,4.885749817,8.237244606,7.666210651,1.059348345,9.555826187,,,,0.08835654,,0.425140291,0.47164169,,0.166600108,0.299351126,0.398019731,,,0.375755876,0.188618556,0.478443027,0.763736963,0.415816069,1.487891078,2.41119194,2.39896369,2.497544527,6.684351444,8.959342957,2.911095142,2.816729784,7.53744173,9.052923203,2.086457968,0.129428715,0.271984398,,0.443373114,2.696354151,2.094655037
UID_130_R2256_imp_ch_flt1-45_flt50_rejectedarte_rch_ICA_prep_rf_int,10.75873184,10.2967329,10.41810036,6.401638031,11.86755753,13.51861191,11.61197186,7.051896095,7.94805479,13.4832592,12.51734066,7.452419758,8.217651367,10.37344456,13.17391014,9.191577911,6.544583321,7.546359062,12.16489601,11.14334011,7.405371666,7.775571346,12.6981144,17.31512451,12.07513714,17.02666092,22.52787399,21.31503677,22.03678513,21.26441765,10.3085947,10.20678902,9.983409882,7.180948257,8.768907547,13.04201031,13.06272411,9.40967083,11.46198654,14.13979053,10.25721645,7.264204025,12.19115639,11.16249561,6.750976086,10.26326466,13.35818958,9.660082817,10.99549007,14.55851269,13.89553642,13.13175774,13.53722477,17.79022217,20.475811,22.49181366,5.501791477,5.351004601,7.363158703,7.560058117,13.25064754,22.73938751
UID_131_R2256_imp_ch_flt1-45_flt50_rejectedarte_rch_ICA_prep_rf_int,0.429739445,0.532803774,0.431594938,0.245387644,0.690844119,1.140688896,0.990252376,0.301583141,0.29263106,1.558304667,2.043774843,0.928376019,0.129555166,0.945046604,3.785724878,2.774045467,0.136058301,0.471800208,4.093414307,6.694848061,2.076266289,0.653458238,3.278890133,12.14672947,7.803308487,1.364664674,12.53743267,1.847875714,2.183808327,3.479251146,0.24766764,0.624525785,0.704829037,0.244493052,0.369628549,1.0615201,1.241393447,0.522654891,0.700657964,2.028231382,1.679562807,0.232542425,2.321995735,3.472753048,1.232061267,2.011666536,6.803631783,4.996283054,1.534246922,6.236107826,10.28948021,4.252191067,2.432460785,5.108030796,10.35957432,6.415347576,0.094826095,0.246167794,0.496082485,0.528768718,1.436318636,2.859177113
UID_132_R2256_imp_ch_flt1-45_flt50_rejectedarte_rch_ICA_prep_rf_int,2.774077177,3.146556139,3.014148474,2.079182148,5.339538574,5.45341301,3.782793045,1.851265192,3.144762754,6.209143639,4.536774158,3.795281887,2.05881691,6.48340559,8.573360443,8.138658524,1.93329978,4.406013489,15.14242935,14.10063744,4.640459061,6.073716164,21.51053238,38.24253082,13.12029266,5.796607971,36.86397934,17.08531761,8.14598465,6.90093565,2.167660952,4.379689693,3.702804089,2.423455715,3.436766148,5.708851337,4.507947922,3.355219364,5.762571335,6.048332691,5.076220989,3.04823494,7.965725899,8.362679482,4.387401104,11.4522047,16.67018127,10.53433132,10.79202652,30.87494278,24.5604496,6.061708927,17.32679749,17.74410057,18.25518608,8.648938179,1.637757182,1.928525448,1.719761252,2.174460649,17.07797241,8.655846596
UID_133_R2256_imp_ch_flt1-45_flt50_rejectedarte_rch_ICA_prep_rf_int,1.142051339,0.906764328,0.977380633,1.335086465,1.926265597,1.253593206,1.003491163,1.027912378,1.873757482,2.128932953,1.474579215,1.667915702,1.666948915,4.624813557,2.562468529,3.969364643,1.588763356,3.062807322,5.544477463,5.663277149,4.586194038,4.167907715,9.63640213,13.37239456,10.53496933,6.300419807,26.78764343,15.67972946,26.80056381,26.96438408,1.227889538,1.293276906,0.97395134,0.829841673,1.516321182,1.581424832,1.015413046,0.945488691,2.675065279,1.456188679,1.752082109,2.567834616,3.247868061,3.039266825,3.285101652,5.560996056,6.206617832,7.010082245,4.840368271,11.15316868,12.19399929,8.127126694,11.77622604,12.11113644,21.06444931,15.54567051,1.536581159,1.155295014,1.398828506,2.414868116,11.64589882,15.60381794
oc_14_r2_ch256_flt1-45_flt50_rejectedarte_rch_imp_ICA_prep_rf_int,0.110270701,0.106274262,0.250152677,0.177881911,0.109057203,0.177128911,0.423202306,0.390187293,0.154747844,0.031046359,0.486764669,0.540253937,0.965970755,0.884615779,0.324580699,0.826328516,0.323623121,1.651916146,1.055530429,0.891812801,0.636539578,0.883348942,1.578080177,1.466788769,1.16288805,0.663834453,1.761489391,1.086055636,1.234470129,1.145049691,0.039074253,0.110739708,0.230672121,0.198138073,0.113145195,0.113218196,0.235583961,0.413978875,0.030579334,0.176559925,0.837398231,1.200217962,0.289249599,0.597084701,0.582721591,1.589770913,0.65793246,1.135043859,0.876255095,1.580365539,1.149664998,0.896156311,1.13620317,1.789335012,1.224606514,1.215505242,0.314883292,0.425538182,0.956322014,0.601839662,1.125782132,1.223080635
